Chromosome,Chromosome start,Chromosome end,Mutation ID,Mutation type,Segment mean,Analysis ID,Donor ID,Sex_x,Age at diagnosis_x,ICD-10_x,Specimen ID_x,Analyzed sample ID,Age at last follow-up,Interval of last follow-up (days),Donor vital status,Survival time (days),Donor tumour staging system at diagnosis,Specimen ID_y,Specimen type_y,Tumour confirmed_y,Specimen notes,Sample ID,Sample type_y,Sample notes
10.0,46478798,46479812,2190753,undetermined,0.32,12170,TCGA-CN-5374,female,56.0,C09.9,TCGA-CN-5374-10A,TCGA-CN-5374-10A-01D-1432-01,56.0,274.0,1,274.0,6th,TCGA-CN-5374-01A,primary tumour,yes,617df1e0-b075-4610-b6d5-8850786fea70,TCGA-CN-5374-01A-01D-1431-02,Primary tumour,dc9d40c3-0af2-481e-9e54-7b6329649eb6
10.0,46478798,46479812,2212316,undetermined,0.63,12170,TCGA-CN-5369,female,90.0,C05.0,TCGA-CN-5369-01A,TCGA-CN-5369-01A-01D-1432-01,91.0,380.0,0,379.0,6th,TCGA-CN-5369-01A,primary tumour,yes,b4c02606-0f86-46e4-9daf-dc7dbcd60d78,TCGA-CN-5369-01A-01D-1431-02,Primary tumour,1a532ca9-e72f-4906-867b-272a18cfec79
10.0,46478798,46479812,2205898,undetermined,0.8,12170,TCGA-CN-5367,female,60.0,C02.9,TCGA-CN-5367-10A,TCGA-CN-5367-10A-01D-1432-01,60.0,352.0,0,351.0,6th,TCGA-CN-5367-01A,primary tumour,yes,379f9e65-54f3-4566-b018-3f3eee6a4df4,TCGA-CN-5367-01A-01D-1431-02,Primary tumour,1380173d-316f-4821-8b98-654ad1050a38
10.0,46478798,46479812,2183483,undetermined,0.56,12170,TCGA-CN-5364,male,55.0,C04.9,TCGA-CN-5364-01A,TCGA-CN-5364-01A-01D-1432-01,56.0,493.0,0,492.0,6th,TCGA-CN-5364-01A,primary tumour,yes,38a4ac42-be08-4187-98c2-af861218c3db,TCGA-CN-5364-01A-01D-1431-02,Primary tumour,6ce3d597-51f1-4807-a28f-271f25f95ed4
10.0,46478798,46479812,2214933,undetermined,0.64,12170,TCGA-CN-5360,male,68.0,C32.9,TCGA-CN-5360-01A,TCGA-CN-5360-01A-01D-1432-01,70.0,866.0,1,866.0,6th,TCGA-CN-5360-01A,primary tumour,yes,0c00768e-8b13-4b8e-80fc-b344740845f1,TCGA-CN-5360-01A-01D-1431-02,Primary tumour,7ee362c2-86ad-462c-b478-21255d96ed90
10.0,46478798,46479812,2220844,undetermined,0.76,12170,TCGA-CN-4737,male,19.0,C02.9,TCGA-CN-4737-01A,TCGA-CN-4737-01A-01D-1432-01,19.0,240.0,1,240.0,7th,TCGA-CN-4737-01A,primary tumour,yes,ba5d40f5-56a2-438b-92b8-6eb7db6d6afa,TCGA-CN-4737-01A-01D-1431-02,Primary tumour,43003723-9c58-4b5e-8f47-56b4bda476a0
10.0,46478798,46479812,2219759,undetermined,-0.62,12170,TCGA-CN-4727,male,56.0,C32.9,TCGA-CN-4727-10A,TCGA-CN-4727-10A-01D-1432-01,56.0,194.0,1,194.0,7th,TCGA-CN-4727-01A,primary tumour,yes,f102aef0-94b8-4d26-8055-35b76da9dd5f,TCGA-CN-4727-01A-01D-1431-02,Primary tumour,e42c764c-98db-4e55-a625-b1443e6c4b3a
10.0,46478798,46479812,2029882,undetermined,-0.82,11523,TCGA-BA-5559,male,71.0,C09.9,TCGA-BA-5559-10A,TCGA-BA-5559-10A-01D-1510-01,75.0,1747.0,1,1747.0,6th,TCGA-BA-5559-01A,primary tumour,yes,fbea64f9-b46b-4af1-bfb2-1791d93977b6,TCGA-BA-5559-01A-01D-1509-02,Primary tumour,61532c84-edd9-492d-af89-99086f87381e
10.0,46478798,46479812,2026705,undetermined,-0.59,11523,TCGA-BA-5558,male,65.0,C14.8,TCGA-BA-5558-10A,TCGA-BA-5558-10A-01D-1510-01,69.0,1635.0,1,1635.0,6th,TCGA-BA-5558-01A,primary tumour,yes,eb749281-b3dc-43e4-812e-f5f5004a21ed,TCGA-BA-5558-01A-01D-1509-02,Primary tumour,41737268-345a-4f87-b2db-e184247e1396
13.0,48435706,51992800,2426176,undetermined,-0.01,15450,TCGA-CQ-7064,female,83.0,C76.,TCGA-CQ-7064-10A,TCGA-CQ-7064-10A-01D-2390-01,86.0,1377.0,1,1377.0,6th,TCGA-CQ-7064-01A,primary tumour,yes,53bba6c8-9b1c-450f-b42d-35576c707de9,TCGA-CQ-7064-01A-11D-2390-01,Primary tumour,0ae043e4-c971-4502-84e7-76840d96388f
13.0,48435706,51992800,2182572,undetermined,0.02,12170,TCGA-CN-4740,female,79.0,C76.,TCGA-CN-4740-10A,TCGA-CN-4740-10A-01D-1432-01,81.0,810.0,1,810.0,6th,TCGA-CN-4740-01A,primary tumour,yes,2311deec-8dbc-4449-be09-fcd4e3bafd87,TCGA-CN-4740-01A-01D-1431-02,Primary tumour,9dd678df-bce7-46c2-8454-3de815fb85ed
13.0,48435706,51957217,2458350,undetermined,0.0,16277,TCGA-DQ-7594,male,47.0,C01,TCGA-DQ-7594-01A,TCGA-DQ-7594-01A-11D-2228-01,48.0,368.0,1,368.0,7th,TCGA-DQ-7594-01A,primary tumour,yes,bdd1b935-4bb4-4eff-8045-11898fda7ebd,TCGA-DQ-7594-01A-11D-2228-01,Primary tumour,e9dcd56b-d0ff-4753-b403-b62791d726a0
13.0,48435706,51957217,2027705,undetermined,0.02,11523,TCGA-CN-5358,male,60.0,C04.9,TCGA-CN-5358-01A,TCGA-CN-5358-01A-01D-1510-01,60.0,173.0,1,173.0,7th,TCGA-CN-5358-01A,primary tumour,yes,c38a9e9d-5854-4827-9974-582c45efc187,TCGA-CN-5358-01A-01D-1509-02,Primary tumour,b4a343bb-0202-44ed-885f-99ee452e861f
13.0,48435706,51760508,1992208,undetermined,0.18,11521,TCGA-CR-7370,female,72.0,C32.9,TCGA-CR-7370-01A,TCGA-CR-7370-01A-11D-2128-01,72.0,104.0,1,104.0,6th,TCGA-CR-7370-01A,primary tumour,yes,0e357973-d52d-4fc7-8099-7b87458745e2,TCGA-CR-7370-01A-11D-2128-01,Primary tumour,caf170c4-6760-4bbb-84ec-50d4df7ba762
13.0,48435706,51576661,1807357,undetermined,0.02,11512,TCGA-CV-5979,male,26.0,C02.9,TCGA-CV-5979-11A,TCGA-CV-5979-11A-01D-1682-01,29.0,1315.0,1,1315.0,7th,TCGA-CV-5979-01A,primary tumour,yes,8e0b3dea-be82-4c66-8a5f-a41ff1774fa9,TCGA-CV-5979-01A-11D-1681-02,Primary tumour,fc76dd1c-554c-4f46-bb32-85c447756053
13.0,48435706,50141401,1789309,undetermined,0.03,11512,TCGA-CV-5432,male,68.0,C32.9,TCGA-CV-5432-11B,TCGA-CV-5432-11B-01D-1682-01,78.0,3930.0,1,3930.0,7th,TCGA-CV-5432-01A,primary tumour,yes,b4a36114-80d3-4f28-b85a-077dc31eb485,TCGA-CV-5432-01A-02D-1681-02,Primary tumour,c68abc18-067c-4948-9cb7-e1462bef5709
10.0,46478798,46479792,1759290,undetermined,0.55,11512,TCGA-CQ-5334,male,87.0,C06.0,TCGA-CQ-5334-10A,TCGA-CQ-5334-10A-01D-1682-01,87.0,128.0,0,116.0,6th,TCGA-CQ-5334-01A,primary tumour,yes,dbbe53dd-eeaa-4967-8c9b-255d5e00f181,TCGA-CQ-5334-01A-01D-1681-02,Primary tumour,53acd0ce-e3d3-4892-8827-63d67cb276b2
13.0,48435706,49816666,1797518,undetermined,-0.1,11512,TCGA-CN-6018,female,85.0,C14.8,TCGA-CN-6018-01A,TCGA-CN-6018-01A-11D-1682-01,85.0,45.0,1,45.0,7th,TCGA-CN-6018-01A,primary tumour,yes,1a3e8c8b-9e99-499a-9ba7-4cdfc11b106d,TCGA-CN-6018-01A-11D-1681-02,Primary tumour,7f0998e4-af05-42c5-962c-5ea4d8993eb0
13.0,48435706,49720336,1996443,undetermined,0.03,11521,TCGA-CR-7368,male,54.0,C14.8,TCGA-CR-7368-10A,TCGA-CR-7368-10A-01D-2128-01,57.0,1244.0,1,1244.0,6th,TCGA-CR-7368-01A,primary tumour,yes,0c4c4b41-05ac-48ce-b5c0-a639ffafc411,TCGA-CR-7368-01A-11D-2128-01,Primary tumour,9c2ae638-7a67-4d7a-ae8e-9cdc2a464161
13.0,48435706,48442663,2188687,undetermined,-1.14,12170,TCGA-CN-4723,male,67.0,C32.9,TCGA-CN-4723-10A,TCGA-CN-4723-10A-01D-1432-01,68.0,412.0,1,412.0,7th,TCGA-CN-4723-01A,primary tumour,yes,f4a14404-3545-44fc-953d-e441139e7fda,TCGA-CN-4723-01A-01D-1431-02,Primary tumour,63f7ed75-37d2-42a7-a5ca-b1d3a1a9c5c0
13.0,48435706,106056305,2197518,undetermined,0.01,12170,TCGA-CN-4741,male,75.0,C03.9,TCGA-CN-4741-10A,TCGA-CN-4741-10A-01D-1432-01,77.0,875.0,1,875.0,6th,TCGA-CN-4741-01A,primary tumour,yes,03c9108a-5139-4bac-9641-c7dbbedef420,TCGA-CN-4741-01A-01D-1431-02,Primary tumour,faa30c0b-e008-4313-a2ab-1d641f98e2b9
13.0,48431716,48434505,1988211,undetermined,-2.4,11521,TCGA-F7-7848,male,47.0,C32.9,TCGA-F7-7848-10A,TCGA-F7-7848-10A-01D-2128-01,47.0,35.0,1,35.0,7th,TCGA-F7-7848-01A,primary tumour,yes,f7831fa0-1f1d-4623-aba0-8117b925a1ee,TCGA-F7-7848-01A-11D-2128-01,Primary tumour,a46e09d6-74e8-4a26-b8b5-9473ab372546
13.0,48431716,48434505,1641501,undetermined,-3.11,11515,TCGA-D6-6823,male,50.0,C02.9,TCGA-D6-6823-10A,TCGA-D6-6823-10A-01D-1910-01,50.0,238.0,1,238.0,7th,TCGA-D6-6823-01A,primary tumour,yes,2da83450-04c2-44d0-ab8a-9cc876242d5a,TCGA-D6-6823-01A-11D-1910-01,Primary tumour,47fc64e8-e627-4501-89ce-9606dde93892
13.0,48431716,48434505,1589905,undetermined,-1.87,11516,TCGA-CV-7245,male,62.0,C32.9,TCGA-CV-7245-01A,TCGA-CV-7245-01A-11D-2010-01,64.0,797.0,1,797.0,7th,TCGA-CV-7245-01A,primary tumour,yes,f0684e03-2d91-4e9b-9d11-a3063ccc2f34,TCGA-CV-7245-01A-11D-2010-01,Primary tumour,61897747-36dc-4aad-b17a-fe935c605ca3
13.0,48431716,48434505,1600036,undetermined,-2.65,11516,TCGA-CV-7091,male,54.0,C14.8,TCGA-CV-7091-01A,TCGA-CV-7091-01A-11D-2010-01,63.0,3380.0,1,3380.0,7th,TCGA-CV-7091-01A,primary tumour,yes,3ab78dc4-682e-4b5a-adda-223acf0fbb6a,TCGA-CV-7091-01A-11D-2010-01,Primary tumour,774e2a78-a716-4144-8f90-f03d9d8383c8
13.0,48431716,48434505,1528762,undetermined,-2.44,11516,TCGA-CR-7401,male,64.0,C02.9,TCGA-CR-7401-10A,TCGA-CR-7401-10A-01D-2011-01,66.0,1077.0,1,1077.0,6th,TCGA-CR-7401-01A,primary tumour,yes,0a8bb946-8572-4785-bc18-100c838d4660,TCGA-CR-7401-01A-11D-2010-01,Primary tumour,3be278f7-6960-4052-a7f5-c47ebbbf50f2
13.0,48431716,48434505,1995199,undetermined,-2.26,11521,TCGA-CR-7382,male,49.0,C02.9,TCGA-CR-7382-01A,TCGA-CR-7382-01A-11D-2128-01,51.0,796.0,1,796.0,6th,TCGA-CR-7382-01A,primary tumour,yes,a8d8886b-b422-4c66-b0b4-4c9f0546b1b3,TCGA-CR-7382-01A-11D-2128-01,Primary tumour,8eb7ed0a-8475-4597-964a-5fdfecc7c631
13.0,48431716,48434505,2421628,undetermined,-2.3,15450,TCGA-CQ-7069,female,77.0,C76.,TCGA-CQ-7069-01A,TCGA-CQ-7069-01A-11D-2390-01,79.0,900.0,1,900.0,7th,TCGA-CQ-7069-01A,primary tumour,yes,a3110644-275b-4f9b-87aa-ec3d39a432e9,TCGA-CQ-7069-01A-11D-2390-01,Primary tumour,a256f66e-88eb-4e4b-9d3d-eecd11133d96
13.0,48431716,48434505,1723257,undetermined,-3.53,11518,TCGA-CQ-7065,male,40.0,C02.9,TCGA-CQ-7065-10A,TCGA-CQ-7065-10A-01D-2077-01,42.0,1006.0,1,1006.0,6th,TCGA-CQ-7065-01A,primary tumour,yes,65b44ebf-f817-4b29-8fb6-01b07bc2e7d1,TCGA-CQ-7065-01A-11D-2077-01,Primary tumour,366f6301-0b53-422c-9947-c99c36404957
13.0,48431716,48434505,2219316,undetermined,-1.99,12169,TCGA-CN-4733,male,61.0,C02.9,TCGA-CN-4733-01A,TCGA-CN-4733-01A-02D-1869-01,62.0,522.0,1,522.0,7th,TCGA-CN-4733-01A,primary tumour,yes,a1fd1c9d-c763-488a-8649-ff069f56d2be,TCGA-CN-4733-01A-02D-1868-02,Primary tumour,1cb41c9b-fb04-438d-a9fb-89d6186e0d37
13.0,48431716,48434505,2225021,undetermined,-3.0,12170,TCGA-CN-4730,male,62.0,C14.8,TCGA-CN-4730-10A,TCGA-CN-4730-10A-01D-1432-01,62.0,343.0,1,343.0,7th,TCGA-CN-4730-01A,primary tumour,yes,8270c53e-f2cf-4f57-a1ac-a8ba978cc1c8,TCGA-CN-4730-01A-01D-1431-02,Primary tumour,094c2014-aba2-4c11-b076-27ea61c7a48e
13.0,48431716,48434505,2453089,undetermined,-2.55,16277,TCGA-BB-7864,male,61.0,C32.9,TCGA-BB-7864-10A,TCGA-BB-7864-10A-01D-2228-01,62.0,687.0,1,687.0,7th,TCGA-BB-7864-01A,primary tumour,yes,f3c568ae-ad12-4155-a652-8e16e5276bda,TCGA-BB-7864-01A-11D-2228-01,Primary tumour,df8b5092-db1b-4d1f-bc0c-ecae146d5c6f
13.0,48431716,48434505,2466967,undetermined,-2.62,16277,TCGA-BB-7863,female,43.0,C02.9,TCGA-BB-7863-10A,TCGA-BB-7863-10A-01D-2228-01,44.0,422.0,1,422.0,7th,TCGA-BB-7863-01A,primary tumour,yes,2840e28d-196f-40d3-89c0-69d083b8f8bb,TCGA-BB-7863-01A-11D-2228-01,Primary tumour,a5518322-44ff-44e3-a1da-95d277341881
13.0,48431716,48434505,2206436,undetermined,-2.04,12169,TCGA-BA-6869,male,62.0,C32.9,TCGA-BA-6869-10A,TCGA-BA-6869-10A-01D-1869-01,62.0,244.0,1,244.0,7th,TCGA-BA-6869-01A,primary tumour,yes,f4ed2c84-39f8-4ab3-8762-a9920acc2432,TCGA-BA-6869-01A-11D-1868-02,Primary tumour,1cd2c4d0-6f3e-4585-9c17-a91544e4c659
13.0,48429070,49435424,1911632,undetermined,-0.69,11515,TCGA-D6-6827,female,55.0,C00.9,TCGA-D6-6827-01A,TCGA-D6-6827-01A-11D-1910-01,55.0,127.0,1,127.0,7th,TCGA-D6-6827-01A,primary tumour,yes,c53d6135-c614-45f4-8f41-49b20ed4a549,TCGA-D6-6827-01A-11D-1910-01,Primary tumour,17657911-92f5-4d1b-a5b3-477cad9abfea
13.0,48415150,55564590,2444226,undetermined,-0.33,15450,TCGA-HD-8635,female,61.0,C02.9,TCGA-HD-8635-01A,TCGA-HD-8635-01A-11D-2390-01,61.0,30.0,1,30.0,7th,TCGA-HD-8635-01A,primary tumour,yes,e5d8f8c3-a08d-4b63-bd8f-33e3c8e6406b,TCGA-HD-8635-01A-11D-2390-01,Primary tumour,cf52cea0-f904-4cbb-ac4e-33a74462ad69
10.0,114061525,114074181,2331006,undetermined,-1.54,12170,TCGA-CN-4729,male,73.0,C14.8,TCGA-CN-4729-10A,TCGA-CN-4729-10A-01D-1432-01,73.0,156.0,1,156.0,7th,TCGA-CN-4729-01A,primary tumour,yes,1da8fe25-aee2-45fd-a1f3-3239a42e54b2,TCGA-CN-4729-01A-01D-1431-02,Primary tumour,a49670c2-95a6-4deb-bfc5-59b0ff37389e
10.0,46478798,46479426,2207956,undetermined,0.74,12170,TCGA-CN-5356,male,56.0,C32.9,TCGA-CN-5356-01A,TCGA-CN-5356-01A-01D-1432-01,56.0,289.0,1,296.0,7th,TCGA-CN-5356-01A,primary tumour,yes,bcb5da85-78d6-4519-9740-378587b1bd37,TCGA-CN-5356-01A-01D-1431-02,Primary tumour,199b42e1-301a-49ad-a364-bbf4fad8b049
13.0,48323992,68030461,2485909,undetermined,-0.18,16277,TCGA-BB-7870,male,58.0,C32.9,TCGA-BB-7870-01A,TCGA-BB-7870-01A-11D-2228-01,61.0,1152.0,1,1152.0,7th,TCGA-BB-7870-01A,primary tumour,yes,b79164b1-7abb-4585-b23a-0e610734ea8b,TCGA-BB-7870-01A-11D-2228-01,Primary tumour,db34b341-6222-498c-ab19-77bc8d9f5710
1.0,34823560,67067131,1978847,undetermined,0.0,11512,TCGA-CN-6022,male,49.0,C32.9,TCGA-CN-6022-10A,TCGA-CN-6022-10A-01D-1682-01,49.0,201.0,1,201.0,7th,TCGA-CN-6022-01A,primary tumour,yes,3b8fd8fb-429a-47ac-8b99-ae42a3fe968d,TCGA-CN-6022-01A-21D-1681-02,Primary tumour,753b9f5d-a286-4609-87be-d57f4d5e74c9
13.0,47970531,48880146,2320281,undetermined,0.02,12169,TCGA-CR-6470,male,38.0,C09.9,TCGA-CR-6470-01A,TCGA-CR-6470-01A-11D-1869-01,42.0,1521.0,1,1521.0,6th,TCGA-CR-6470-01A,primary tumour,yes,afb7ea63-2959-4e53-95ea-7a032dcb5a8b,TCGA-CR-6470-01A-11D-1868-02,Primary tumour,3f6d9cf1-2df0-4efd-af5b-6e756b322506
10.0,46478798,46479207,1577627,undetermined,0.94,11516,TCGA-HD-7229,male,60.0,C32.9,TCGA-HD-7229-01A,TCGA-HD-7229-01A-11D-2010-01,60.0,2.0,1,2.0,7th,TCGA-HD-7229-01A,primary tumour,yes,1169973a-8575-4d2b-8da8-36a83aa5f947,TCGA-HD-7229-01A-11D-2010-01,Primary tumour,f8be7bc9-dbbd-4cc7-93eb-066f3aa522db
10.0,46478798,46479207,1554059,undetermined,0.97,11516,TCGA-CR-7364,male,66.0,C32.9,TCGA-CR-7364-01A,TCGA-CR-7364-01A-11D-2010-01,69.0,1435.0,1,1435.0,6th,TCGA-CR-7364-01A,primary tumour,yes,a17406af-2eda-4148-8a0d-ec2ae4bd9fac,TCGA-CR-7364-01A-11D-2010-01,Primary tumour,11a18cf3-0980-40f1-8738-eb4e933463e3
10.0,46478798,46479207,2236807,undetermined,-0.74,12170,TCGA-CN-4735,male,52.0,C32.9,TCGA-CN-4735-10A,TCGA-CN-4735-10A-01D-1432-01,53.0,369.0,1,369.0,7th,TCGA-CN-4735-01A,primary tumour,yes,fbb300fa-8793-42da-a68e-4570ae2e5186,TCGA-CN-4735-01A-01D-1431-02,Primary tumour,f759672a-62ca-49dc-bc4f-643e8a885787
10.0,46478798,46479207,2189245,undetermined,-1.12,12170,TCGA-CN-4725,male,60.0,C02.9,TCGA-CN-4725-10A,TCGA-CN-4725-10A-01D-1432-01,60.0,310.0,1,310.0,7th,TCGA-CN-4725-01A,primary tumour,yes,dd42ab2f-e936-4ace-93d8-60375e03f2fe,TCGA-CN-4725-01A-01D-1431-02,Primary tumour,c8b71532-685f-47ac-b019-b898a8d1670d
13.0,47946433,114126499,1578784,undetermined,-0.23,11516,TCGA-CV-7242,female,60.0,C32.9,TCGA-CV-7242-01A,TCGA-CV-7242-01A-11D-2010-01,63.0,1095.0,1,1095.0,7th,TCGA-CV-7242-01A,primary tumour,yes,4fdddf85-30de-4666-89d2-0683e9264d6d,TCGA-CV-7242-01A-11D-2010-01,Primary tumour,e2d43297-38b5-4bb7-a9a0-4fe23ad33d05
13.0,47869574,114126499,2030555,undetermined,-0.02,11523,TCGA-BA-5556,female,58.0,C04.9,TCGA-BA-5556-01A,TCGA-BA-5556-01A-01D-1510-01,58.0,179.0,1,179.0,7th,TCGA-BA-5556-01A,primary tumour,yes,c00eeddb-6ae2-48ba-8677-c174e579a724,TCGA-BA-5556-01A-01D-1509-02,Primary tumour,64e549cc-9278-4625-8a55-11ac2a239a60
13.0,47816140,114005560,1900838,undetermined,0.09,11518,TCGA-CQ-6221,male,79.0,C02.9,TCGA-CQ-6221-01A,TCGA-CQ-6221-01A-11D-2077-01,81.0,1000.0,1,1000.0,6th,TCGA-CQ-6221-01A,primary tumour,yes,65baae80-7fd5-40b1-b5fb-bdd013b70931,TCGA-CQ-6221-01A-11D-2077-01,Primary tumour,1d458ad7-8072-4389-9f66-d1e940e3def1
10.0,46478798,46479192,2465032,undetermined,-0.48,16277,TCGA-DQ-7595,male,53.0,C32.9,TCGA-DQ-7595-10D,TCGA-DQ-7595-10D-01D-2228-01,53.0,324.0,1,324.0,7th,TCGA-DQ-7595-01A,primary tumour,yes,c522234a-c0b1-427a-8992-84fcfc9389ef,TCGA-DQ-7595-01A-11D-2228-01,Primary tumour,9bc3da27-2015-46df-8481-6c34fe996933
10.0,46478798,46479192,1624248,undetermined,0.84,11516,TCGA-CV-7090,male,39.0,C14.8,TCGA-CV-7090-10A,TCGA-CV-7090-10A-01D-2011-01,49.0,3836.0,1,3836.0,7th,TCGA-CV-7090-01A,primary tumour,yes,e8bd9dcb-a9c7-4361-9724-24922a5e613b,TCGA-CV-7090-01A-11D-2010-01,Primary tumour,710969b9-0423-43c3-9274-f733e99acbf3
10.0,46478798,46479192,2018880,undetermined,1.17,11523,TCGA-CV-5441,male,58.0,C32.9,TCGA-CV-5441-11A,TCGA-CV-5441-11A-01D-1510-01,65.0,2663.0,1,2663.0,7th,TCGA-CV-5441-01A,primary tumour,yes,3f583e59-c92a-4257-8098-5d081642dea7,TCGA-CV-5441-01A-01D-1509-02,Primary tumour,8da3d189-3c2b-4cbb-9e8d-77c50e59550e
10.0,46478798,46479192,2455798,undetermined,-0.6,16277,TCGA-BB-7872,male,63.0,C76.,TCGA-BB-7872-01A,TCGA-BB-7872-01A-11D-2228-01,64.0,436.0,1,436.0,7th,TCGA-BB-7872-01A,primary tumour,yes,d6e425b5-faa8-44b5-8342-da82a9ccf23f,TCGA-BB-7872-01A-11D-2228-01,Primary tumour,f17f0419-b9a0-4070-b065-08302431258e
13.0,47815440,67093308,2044782,undetermined,-0.13,11521,TCGA-HD-7832,male,52.0,C04.9,TCGA-HD-7832-01A,TCGA-HD-7832-01A-11D-2128-01,52.0,0.0,1,0.0,7th,TCGA-HD-7832-01A,primary tumour,yes,77995971-7b23-4672-998d-1e6c3b52c81f,TCGA-HD-7832-01A-11D-2128-01,Primary tumour,e29722c8-d76e-4353-97a8-180332c42560
10.0,46478798,46478994,2428242,undetermined,-0.24,15450,TCGA-CQ-5333,male,74.0,C02.9,TCGA-CQ-5333-01A,TCGA-CQ-5333-01A-01D-2390-01,74.0,341.0,0,300.0,6th,TCGA-CQ-5333-01A,primary tumour,yes,8e64ca5d-74af-4d36-aef6-59dc3a2ab88b,TCGA-CQ-5333-01A-01D-2390-01,Primary tumour,400d38b3-6180-4334-983b-72efd5c7a018
13.0,47699082,55254312,1813391,undetermined,-0.14,11515,TCGA-D6-6826,female,64.0,C32.9,TCGA-D6-6826-01A,TCGA-D6-6826-01A-11D-1910-01,64.0,153.0,1,153.0,7th,TCGA-D6-6826-01A,primary tumour,yes,1737989d-8463-4761-b111-53e4fd396375,TCGA-D6-6826-01A-11D-1910-01,Primary tumour,d8a3d8a4-ffc1-4591-8762-de68fe90c34a
13.0,47685360,58126534,1959192,undetermined,-0.3,11516,TCGA-CR-7372,male,45.0,C02.9,TCGA-CR-7372-01A,TCGA-CR-7372-01A-11D-2010-01,47.0,759.0,1,759.0,6th,TCGA-CR-7372-01A,primary tumour,yes,00ab48d1-6b1c-4663-a9b1-69d22f93af1a,TCGA-CR-7372-01A-11D-2010-01,Primary tumour,d9c83d5b-c957-44ed-ac2b-bd650d2de308
13.0,47640710,71976745,1662931,undetermined,0.13,11516,TCGA-CR-7398,female,53.0,C32.9,TCGA-CR-7398-01A,TCGA-CR-7398-01A-11D-2010-01,53.0,156.0,1,156.0,7th,TCGA-CR-7398-01A,primary tumour,yes,13348e4e-8b8e-44b5-83e6-a1159a53ea35,TCGA-CR-7398-01A-11D-2010-01,Primary tumour,52528ac8-e86d-4a55-b4e8-5f937c7f43b6
10.0,46475717,46489625,1593047,undetermined,0.28,11516,TCGA-CX-7085,female,77.0,C02.9,TCGA-CX-7085-01A,TCGA-CX-7085-01A-21D-2010-01,77.0,321.0,1,321.0,7th,TCGA-CX-7085-01A,primary tumour,yes,a07e086c-1d2d-4d92-a663-ecd7ea4dbd73,TCGA-CX-7085-01A-21D-2010-01,Primary tumour,210762a3-5e1a-4a15-93ed-9ea51952f2b1
13.0,47494618,53353041,1966029,undetermined,-0.01,11516,TCGA-CR-7390,male,67.0,C02.9,TCGA-CR-7390-10A,TCGA-CR-7390-10A-01D-2011-01,69.0,907.0,1,907.0,6th,TCGA-CR-7390-01A,primary tumour,yes,680bd13d-c418-4829-9031-82031175657d,TCGA-CR-7390-01A-11D-2010-01,Primary tumour,bb800f0a-82e0-46fc-87b1-27f33b4cdbe6
13.0,47420312,57751096,1680953,undetermined,-0.11,11516,TCGA-CR-7389,male,55.0,C32.9,TCGA-CR-7389-01A,TCGA-CR-7389-01A-11D-2010-01,56.0,392.0,1,392.0,6th,TCGA-CR-7389-01A,primary tumour,yes,9c35c1ec-5ca6-4900-aa39-ab1c962b9c4d,TCGA-CR-7389-01A-11D-2010-01,Primary tumour,0b824850-3bce-49f9-8919-5f2773232fff
13.0,47365537,53602462,1758248,undetermined,0.02,11516,TCGA-CX-7082,male,82.0,C14.8,TCGA-CX-7082-10A,TCGA-CX-7082-10A-01D-2011-01,82.0,316.0,1,316.0,7th,TCGA-CX-7082-01A,primary tumour,yes,3774c511-1e37-4d82-a040-a647939de80b,TCGA-CX-7082-01A-11D-2010-01,Primary tumour,a3e9465b-c53b-4aa4-b2ac-fe3fa9a76c47
13.0,47317462,53094799,1935266,undetermined,0.03,11512,TCGA-CV-5966,female,63.0,C14.8,TCGA-CV-5966-10A,TCGA-CV-5966-10A-01D-1869-01,64.0,519.0,0,519.0,7th,TCGA-CV-5966-01A,primary tumour,yes,e71c33e9-1f74-4cf6-b6bf-985d0c96f71e,TCGA-CV-5966-01A-11D-1681-02,Primary tumour,84d0ca61-132a-4b85-a343-0c55de088b0c
10.0,46475717,46487487,1851729,undetermined,0.03,11512,TCGA-CN-6016,male,64.0,C02.9,TCGA-CN-6016-10A,TCGA-CN-6016-10A-01D-1682-01,64.0,201.0,1,201.0,7th,TCGA-CN-6016-01A,primary tumour,yes,6172b6e1-1403-4ba0-a323-8c00a459abd6,TCGA-CN-6016-01A-11D-1681-02,Primary tumour,6b3e5721-f8e4-48ea-be37-731715148189
13.0,47249222,114987458,2492146,undetermined,-0.35,16277,TCGA-BB-7871,female,64.0,C01,TCGA-BB-7871-01A,TCGA-BB-7871-01A-11D-2228-01,65.0,427.0,1,427.0,7th,TCGA-BB-7871-01A,primary tumour,yes,f69c6f25-cd27-4e18-a602-65c75c88169f,TCGA-BB-7871-01A-11D-2228-01,Primary tumour,158eccc7-df29-4f24-9673-30124be9b776
1.0,34722632,35307201,2129376,undetermined,0.06,11523,TCGA-CV-5443,male,63.0,C32.9,TCGA-CV-5443-01A,TCGA-CV-5443-01A-01D-1510-01,70.0,2567.0,1,2567.0,7th,TCGA-CV-5443-01A,primary tumour,yes,746322c7-fe75-4b9f-9309-93e9cfa4cb5a,TCGA-CV-5443-01A-01D-1509-02,Primary tumour,bd095fef-6869-41e8-b363-3659df522fe1
10.0,46475717,46479827,1819863,undetermined,-0.66,11512,TCGA-CV-6433,male,57.0,C02.9,TCGA-CV-6433-11A,TCGA-CV-6433-11A-01D-1682-01,58.0,405.0,1,405.0,7th,TCGA-CV-6433-01A,primary tumour,yes,47ec5010-4353-493b-ab28-c95bc2cb026c,TCGA-CV-6433-01A-11D-1681-02,Primary tumour,b4f1f81c-de32-4468-99f3-1baf3f8922a9
13.0,47140091,72476988,1739364,undetermined,0.02,11515,TCGA-CQ-6224,male,52.0,C02.9,TCGA-CQ-6224-10A,TCGA-CQ-6224-10A-01D-1910-01,54.0,984.0,1,984.0,6th,TCGA-CQ-6224-01A,primary tumour,yes,ad242eac-a5ae-42b7-85ce-3e4d0dd308d6,TCGA-CQ-6224-01A-11D-1910-01,Primary tumour,10f924b3-affe-4597-8ccc-44be1ba64ceb
13.0,47140091,53059216,2079939,undetermined,0.27,11523,TCGA-CV-5440,male,52.0,C32.9,TCGA-CV-5440-01A,TCGA-CV-5440-01A-01D-1510-01,59.0,2732.0,1,2732.0,7th,TCGA-CV-5440-01A,primary tumour,yes,28780b51-0b53-4d73-b399-ec90b45de0d3,TCGA-CV-5440-01A-01D-1509-02,Primary tumour,af2253d0-4b10-4f1d-9aae-ce93450da17b
13.0,47140091,115105786,2264345,undetermined,0.0,12170,TCGA-BA-4074,male,69.0,C02.9,TCGA-BA-4074-10A,TCGA-BA-4074-10A-01D-1432-01,70.0,461.0,0,436.0,6th,TCGA-BA-4074-01A,primary tumour,yes,7bc6b159-19b4-4711-961d-830bc9e56493,TCGA-BA-4074-01A-01D-1431-02,Primary tumour,4786a24c-d127-43fb-9d9c-ff59622b7b24
10.0,46475717,46479812,2429935,undetermined,0.45,15450,TCGA-BB-8596,female,69.0,C13.9,TCGA-BB-8596-10A,TCGA-BB-8596-10A-01D-2390-01,74.0,2161.0,1,2161.0,6th,TCGA-BB-8596-01A,primary tumour,yes,226992b4-f81f-49f5-a1da-37ab1742779b,TCGA-BB-8596-01A-11D-2390-01,Primary tumour,79781e9f-ee8e-4ceb-be68-5b72ec120727
10.0,46475717,46479812,2220228,undetermined,0.42,12169,TCGA-BA-5152,male,56.0,C14.8,TCGA-BA-5152-01A,TCGA-BA-5152-01A-02D-1869-01,58.0,845.0,1,845.0,6th,TCGA-BA-5152-01A,primary tumour,yes,9397390c-357c-4063-9771-4185b02d77db,TCGA-BA-5152-01A-02D-1868-02,Primary tumour,2716746f-4102-4d7b-a0c7-9adebfdd535c
10.0,46475717,46479752,2235951,undetermined,0.0,12170,TCGA-CN-5359,male,59.0,C04.9,TCGA-CN-5359-01A,TCGA-CN-5359-01A-01D-1432-01,60.0,377.0,0,376.0,6th,TCGA-CN-5359-01A,primary tumour,yes,6c9e3035-e68f-424b-aa0f-e75666892aa4,TCGA-CN-5359-01A-01D-1431-02,Primary tumour,cef71f7d-3c96-4a2a-ae3e-92afd2ca08cb
13.0,46802657,71613659,2265868,undetermined,-0.05,12169,TCGA-D6-6516,male,69.0,C00.9,TCGA-D6-6516-01A,TCGA-D6-6516-01A-11D-1869-01,69.0,325.0,1,325.0,7th,TCGA-D6-6516-01A,primary tumour,yes,2d8d11be-421d-4f96-b5d6-4cbc632f11f3,TCGA-D6-6516-01A-11D-1868-02,Primary tumour,1bb501ed-c8c2-40f5-b398-4f585c9f4338
1.0,34661652,72771367,2438577,undetermined,0.0,15450,TCGA-F7-8489,male,48.0,C04.9,TCGA-F7-8489-10A,TCGA-F7-8489-10A-01D-2390-01,48.0,13.0,1,13.0,7th,TCGA-F7-8489-01A,primary tumour,yes,da51b42b-2758-4286-a48a-47104159c94a,TCGA-F7-8489-01A-31D-2390-01,Primary tumour,801eb40d-2a29-4ca2-8d2d-b1c699c3b576
1.0,34661652,72768916,1871864,undetermined,0.01,11512,TCGA-CQ-5330,female,69.0,C02.9,TCGA-CQ-5330-01A,TCGA-CQ-5330-01A-01D-1682-01,71.0,896.0,1,896.0,6th,TCGA-CQ-5330-01A,primary tumour,yes,a70301b0-f66d-49b7-b420-c1f56b90002d,TCGA-CQ-5330-01A-01D-1681-02,Primary tumour,ab6dc814-ece0-497c-bc58-5fece5d3dce6
1.0,34661652,72768916,2248487,undetermined,0.0,12170,TCGA-BA-4076,male,39.0,C32.9,TCGA-BA-4076-10A,TCGA-BA-4076-10A-01D-1432-01,40.0,415.0,0,236.0,6th,TCGA-BA-4076-01A,primary tumour,yes,fd99fd83-4040-4738-8a5a-e42d36ecfe0e,TCGA-BA-4076-01A-01D-1431-02,Primary tumour,54f77a3e-290a-4073-8012-4873579e95e9
1.0,34661652,72746567,2241443,undetermined,0.0,12170,TCGA-CN-5361,male,80.0,C32.9,TCGA-CN-5361-10A,TCGA-CN-5361-10A-01D-1432-01,80.0,193.0,1,193.0,6th,TCGA-CN-5361-01A,primary tumour,yes,c807171a-4433-4246-a454-c5cf768da8aa,TCGA-CN-5361-01A-01D-1431-02,Primary tumour,a4e6d494-865f-4f60-b9c6-13c9c0cea6ab
10.0,46475717,46479679,2006090,undetermined,0.57,11521,TCGA-CR-7404,male,53.0,C09.9,TCGA-CR-7404-01A,TCGA-CR-7404-01A-11D-2128-01,57.0,1471.0,1,1471.0,6th,TCGA-CR-7404-01A,primary tumour,yes,a39131b9-e7c7-4385-a1b9-d8a0a0950337,TCGA-CR-7404-01A-11D-2128-01,Primary tumour,6576abba-416a-48a8-a3a9-ce781f77032b
10.0,46475717,46479232,1622994,undetermined,1.32,11515,TCGA-D6-6825,male,73.0,C02.9,TCGA-D6-6825-01A,TCGA-D6-6825-01A-21D-1910-01,73.0,152.0,1,152.0,7th,TCGA-D6-6825-01A,primary tumour,yes,d9e2f5aa-a6e2-491a-9dbc-e5d10b4aba58,TCGA-D6-6825-01A-21D-1910-01,Primary tumour,c8a6939d-531e-43d9-a4d7-5f1200cc86e5
10.0,46475717,46479232,1592542,undetermined,1.19,11516,TCGA-CV-7235,male,67.0,C04.9,TCGA-CV-7235-01A,TCGA-CV-7235-01A-11D-2010-01,71.0,1724.0,1,1724.0,7th,TCGA-CV-7235-01A,primary tumour,yes,364e1a5d-c8b1-4bf1-a166-d9b064210937,TCGA-CV-7235-01A-11D-2010-01,Primary tumour,cba63cf4-701c-4af8-b7dc-9df044483835
10.0,46475717,46479232,1554402,undetermined,0.82,11516,TCGA-CR-7392,female,67.0,C02.9,TCGA-CR-7392-01A,TCGA-CR-7392-01A-11D-2010-01,69.0,946.0,1,946.0,6th,TCGA-CR-7392-01A,primary tumour,yes,1e14ddca-ef58-419d-bf95-a26f3a3c90ea,TCGA-CR-7392-01A-11D-2010-01,Primary tumour,fcebef49-4996-459c-98f3-92ef23889420
10.0,46475717,46479232,1548791,undetermined,0.82,11516,TCGA-CR-7373,male,66.0,C14.8,TCGA-CR-7373-01A,TCGA-CR-7373-01A-11D-2010-01,68.0,889.0,1,889.0,6th,TCGA-CR-7373-01A,primary tumour,yes,2a7e5da7-0da3-4def-8263-33881c22d622,TCGA-CR-7373-01A-11D-2010-01,Primary tumour,4163e1e3-0ddb-4f03-84a8-9cfdf2492d84
10.0,46475717,46479232,2247598,undetermined,-0.13,12169,TCGA-CR-6477,female,56.0,C01,TCGA-CR-6477-10A,TCGA-CR-6477-10A-01D-1869-01,57.0,514.0,1,514.0,7th,TCGA-CR-6477-01A,primary tumour,yes,824c1d21-7411-4efd-8d38-effe39acb639,TCGA-CR-6477-01A-11D-1868-02,Primary tumour,5f21f2c4-bd20-4714-8aaa-5e4b43c3d902
13.0,46430787,50918665,2433649,undetermined,-0.38,15450,TCGA-BB-8601,male,84.0,C04.9,TCGA-BB-8601-01A,TCGA-BB-8601-01A-11D-2390-01,85.0,624.0,1,624.0,7th,TCGA-BB-8601-01A,primary tumour,yes,5902db82-e9a3-439b-aa7c-9ea8b71e28ec,TCGA-BB-8601-01A-11D-2390-01,Primary tumour,6000fd2a-733d-4e89-a2f5-f4f69228600f
1.0,346405,25455928,1820077,undetermined,-0.26,11512,TCGA-CN-6012,male,66.0,C32.9,TCGA-CN-6012-01A,TCGA-CN-6012-01A-11D-1682-01,66.0,143.0,1,143.0,7th,TCGA-CN-6012-01A,primary tumour,yes,e23c7006-1a13-4211-8920-47548641e574,TCGA-CN-6012-01A-11D-1681-02,Primary tumour,49792100-bc41-4f93-96e6-2bb76c39983c
1.0,346405,12781879,2239487,undetermined,-0.47,12169,TCGA-CR-6472,male,59.0,C01,TCGA-CR-6472-01A,TCGA-CR-6472-01A-11D-1869-01,61.0,1050.0,1,1050.0,6th,TCGA-CR-6472-01A,primary tumour,yes,76095f05-cd2b-4973-800a-10fe58ee1609,TCGA-CR-6472-01A-11D-1868-02,Primary tumour,2346b824-531b-4be7-bee0-854007beb5dc
10.0,46475717,46479207,1550438,undetermined,0.67,11516,TCGA-CR-7374,female,67.0,C32.9,TCGA-CR-7374-01A,TCGA-CR-7374-01A-11D-2010-01,67.0,30.0,1,30.0,6th,TCGA-CR-7374-01A,primary tumour,yes,77be0d91-0525-439f-bb34-3a0702c81085,TCGA-CR-7374-01A-11D-2010-01,Primary tumour,869444eb-b54c-4cea-a99a-66b14cae537f
1.0,346306,794319,1854325,undetermined,0.02,11512,TCGA-CN-6021,female,63.0,C32.9,TCGA-CN-6021-10A,TCGA-CN-6021-10A-01D-1682-01,63.0,276.0,0,275.0,6th,TCGA-CN-6021-01A,primary tumour,yes,f1cbf326-7657-4c9b-9c8d-e2036e89fd07,TCGA-CN-6021-01A-11D-1681-02,Primary tumour,3f7f21f6-9c3f-4d21-83e5-a5a1e289b20c
1.0,346306,524414,1782265,undetermined,-1.2,11518,TCGA-HD-7753,male,62.0,C10.9,TCGA-HD-7753-01A,TCGA-HD-7753-01A-11D-2077-01,62.0,5.0,1,5.0,7th,TCGA-HD-7753-01A,primary tumour,yes,e723f1bb-73a3-4d65-bd25-de76138515e9,TCGA-HD-7753-01A-11D-2077-01,Primary tumour,b06f2c86-b9a7-494e-bbd1-ffc71105e235
1.0,346306,394034,1642045,undetermined,1.32,11515,TCGA-CQ-6223,male,69.0,C14.8,TCGA-CQ-6223-01A,TCGA-CQ-6223-01A-11D-1910-01,71.0,1057.0,1,1057.0,6th,TCGA-CQ-6223-01A,primary tumour,yes,775db365-3533-41d9-b635-582292b22700,TCGA-CQ-6223-01A-11D-1910-01,Primary tumour,f7e3a45f-053e-4ae9-8990-10beb0946826
1.0,346306,346405,2421725,undetermined,1.62,15450,TCGA-D6-8568,male,62.0,C32.9,TCGA-D6-8568-10A,TCGA-D6-8568-10A-01D-2390-01,62.0,105.0,1,105.0,7th,TCGA-D6-8568-01A,primary tumour,yes,eac181d7-f8b8-4350-92aa-62d3fd1bd86b,TCGA-D6-8568-01A-11D-2390-01,Primary tumour,b7770bb6-ccf0-4fb0-9da2-88317719c1f3
1.0,346306,346405,1530100,undetermined,1.43,11516,TCGA-CR-7394,male,70.0,C02.9,TCGA-CR-7394-01A,TCGA-CR-7394-01A-11D-2010-01,72.0,898.0,1,898.0,6th,TCGA-CR-7394-01A,primary tumour,yes,0454d779-7645-4509-ac03-85f29e1871c2,TCGA-CR-7394-01A-11D-2010-01,Primary tumour,55740103-9bc9-4d84-a8fb-8920235a41f9
1.0,346306,17063449,1859858,undetermined,0.01,11512,TCGA-CV-5435,male,57.0,C32.9,TCGA-CV-5435-10A,TCGA-CV-5435-10A-01D-1869-01,60.0,1438.0,0,1703.0,7th,TCGA-CV-5435-01A,primary tumour,yes,d2491655-a4a1-4e4b-8f94-f50dc1c5d64c,TCGA-CV-5435-01A-01D-1681-02,Primary tumour,1501d59a-7ebd-4eb9-abba-de10c88d7399
1.0,346306,17062591,2241148,undetermined,0.02,12169,TCGA-DQ-5624,female,43.0,C02.9,TCGA-DQ-5624-10A,TCGA-DQ-5624-10A-01D-1869-01,46.0,1149.0,1,1149.0,7th,TCGA-DQ-5624-01A,primary tumour,yes,39a74037-6c20-4713-a6aa-e972218eff90,TCGA-DQ-5624-01A-01D-1868-02,Primary tumour,45f819eb-f6b5-4b82-9e47-060b2e111851
1.0,346306,16300729,1731221,undetermined,-0.02,11518,TCGA-BB-4217,male,68.0,C32.9,TCGA-BB-4217-01A,TCGA-BB-4217-01A-11D-2077-01,68.0,186.0,1,186.0,7th,TCGA-BB-4217-01A,primary tumour,yes,b9427fad-04aa-4e73-99ba-ccde04e4978b,TCGA-BB-4217-01A-11D-2077-01,Primary tumour,51e4f744-a5a7-4967-9b9f-2210f8be77a7
1.0,346306,16022502,1827993,undetermined,0.01,11512,TCGA-CN-6017,male,55.0,C02.9,TCGA-CN-6017-01A,TCGA-CN-6017-01A-11D-1682-01,55.0,159.0,1,159.0,7th,TCGA-CN-6017-01A,primary tumour,yes,6c07cd48-2269-4d42-9879-309ea4cd3a74,TCGA-CN-6017-01A-11D-1681-02,Primary tumour,48a22f9a-2a18-4fca-8271-44b3f7c3a628
10.0,46475660,46489696,2213106,undetermined,0.79,12170,TCGA-CN-5373,female,55.0,C04.9,TCGA-CN-5373-10A,TCGA-CN-5373-10A-01D-1432-01,56.0,413.0,1,413.0,7th,TCGA-CN-5373-01A,primary tumour,yes,9d73d061-f1e1-47ba-929d-feeb6c191279,TCGA-CN-5373-01A-01D-1431-02,Primary tumour,3fe7f18f-8aa4-4afe-8af0-256876f7e86e
13.0,46119074,72684209,2446037,undetermined,-0.47,15450,TCGA-HD-8224,male,63.0,C01,TCGA-HD-8224-01A,TCGA-HD-8224-01A-11D-2390-01,63.0,55.0,1,55.0,7th,TCGA-HD-8224-01A,primary tumour,yes,0a1c832d-9a37-45ae-9357-efbcd32c7150,TCGA-HD-8224-01A-11D-2390-01,Primary tumour,dbe72845-f81e-46b1-8b4d-f664ea24d5ff
10.0,46475660,46487418,1815395,undetermined,0.16,11512,TCGA-CN-6011,male,57.0,C03.9,TCGA-CN-6011-01A,TCGA-CN-6011-01A-11D-1682-01,57.0,228.0,1,228.0,7th,TCGA-CN-6011-01A,primary tumour,yes,afbf3020-1715-4e74-8224-05e316796999,TCGA-CN-6011-01A-11D-1681-02,Primary tumour,b185aa62-bab0-488e-a895-7f494731b9f6
13.0,46014547,49982145,2259619,undetermined,0.02,12170,TCGA-CN-4736,female,70.0,C02.9,TCGA-CN-4736-10A,TCGA-CN-4736-10A-01D-1432-01,71.0,395.0,0,394.0,7th,TCGA-CN-4736-01A,primary tumour,yes,6db0b6ee-23b3-43bf-8aa9-fdf641afc673,TCGA-CN-4736-01A-01D-1431-02,Primary tumour,8141905f-de66-4db2-a9f9-5819c953a465
10.0,46475660,46482420,2015758,undetermined,0.71,11523,TCGA-CR-5250,male,71.0,C01,TCGA-CR-5250-10A,TCGA-CR-5250-10A-01D-1510-01,73.0,798.0,1,798.0,6th,TCGA-CR-5250-01A,primary tumour,yes,13ae9411-e63f-4093-a80e-8b64837c001d,TCGA-CR-5250-01A-01D-1509-02,Primary tumour,264585ed-3e0f-4b00-bd52-aab178fd8921
10.0,46475660,46479827,2424099,undetermined,0.55,15450,TCGA-F7-8298,male,58.0,C32.9,TCGA-F7-8298-01A,TCGA-F7-8298-01A-11D-2390-01,58.0,14.0,1,14.0,7th,TCGA-F7-8298-01A,primary tumour,yes,94c71079-a453-4a4c-b52a-ab686bc83b65,TCGA-F7-8298-01A-11D-2390-01,Primary tumour,6c223645-f1c8-48e0-b481-466c29194c58
10.0,46475660,46479827,1554979,undetermined,-0.05,11516,TCGA-CR-7402,male,68.0,C32.9,TCGA-CR-7402-01A,TCGA-CR-7402-01A-11D-2010-01,70.0,910.0,1,910.0,6th,TCGA-CR-7402-01A,primary tumour,yes,b86e8a21-6937-4299-89f6-05f51888f5d8,TCGA-CR-7402-01A-11D-2010-01,Primary tumour,77a224f3-b393-4067-9a35-510bb2bb8a38
13.0,45046557,53094799,2266541,undetermined,0.1,12170,TCGA-CN-4728,male,56.0,C14.8,TCGA-CN-4728-01A,TCGA-CN-4728-01A-01D-1432-01,56.0,325.0,1,325.0,7th,TCGA-CN-4728-01A,primary tumour,yes,c3ae4cb5-6058-4b3b-820d-5d255f1f7e33,TCGA-CN-4728-01A-01D-1431-02,Primary tumour,6b97e62d-625e-4d6c-bc92-662aa6f3a187
13.0,44934086,49982145,2490048,undetermined,0.01,16277,TCGA-BB-7862,male,67.0,C32.9,TCGA-BB-7862-10A,TCGA-BB-7862-10A-01D-2228-01,68.0,535.0,1,535.0,7th,TCGA-BB-7862-01A,primary tumour,yes,091478b2-f8c5-4ad8-9c89-06a48728fa2d,TCGA-BB-7862-01A-21D-2228-01,Primary tumour,02cd37d3-965c-4d84-bc60-ee8dc791caa2
13.0,44890523,57034001,2333394,undetermined,0.15,12169,TCGA-CR-6484,female,67.0,C14.8,TCGA-CR-6484-01A,TCGA-CR-6484-01A-11D-1869-01,67.0,354.0,1,354.0,7th,TCGA-CR-6484-01A,primary tumour,yes,dd093123-3150-4d35-b61d-d2c65e25df17,TCGA-CR-6484-01A-11D-1868-02,Primary tumour,13467b9c-5ee4-42a6-b28d-a6ac4890e115
1.0,34482125,72768916,1658579,undetermined,-0.04,11516,TCGA-CR-7367,male,52.0,C14.8,TCGA-CR-7367-01A,TCGA-CR-7367-01A-11D-2010-01,55.0,1440.0,1,1440.0,6th,TCGA-CR-7367-01A,primary tumour,yes,27d6d43b-6dfc-4719-ada6-570c68346fcf,TCGA-CR-7367-01A-11D-2010-01,Primary tumour,bdde97ac-7788-49b5-8e1c-0f5934c7ceac
10.0,46475660,46479394,1545836,undetermined,0.78,11516,TCGA-CR-7393,male,26.0,C02.9,TCGA-CR-7393-01A,TCGA-CR-7393-01A-11D-2010-01,28.0,908.0,1,908.0,6th,TCGA-CR-7393-01A,primary tumour,yes,a67ee283-5035-40ee-a02f-f55f4f9676d2,TCGA-CR-7393-01A-11D-2010-01,Primary tumour,49f6b00c-faf1-4670-9f79-a6a76bf488f4
10.0,46475660,46479232,1805942,undetermined,-0.44,11512,TCGA-CV-5439,male,62.0,C01,TCGA-CV-5439-11B,TCGA-CV-5439-11B-01D-1682-01,63.0,546.0,0,501.0,7th,TCGA-CV-5439-01A,primary tumour,yes,c94d8e61-8a15-4702-90ef-37616f1c015b,TCGA-CV-5439-01A-01D-1681-02,Primary tumour,a1170138-a1b1-4d13-b66b-0507d3de897b
13.0,43790375,57751096,1909654,undetermined,0.01,11512,TCGA-CV-5971,male,60.0,C02.9,TCGA-CV-5971-11A,TCGA-CV-5971-11A-01D-1682-01,61.0,540.0,1,540.0,7th,TCGA-CV-5971-01A,primary tumour,yes,82589b3f-bd41-4abe-9469-7dd48447dddc,TCGA-CV-5971-01A-11D-1681-02,Primary tumour,5739d7de-98d4-4591-b8b1-e0e9aa9b05df
10.0,46467605,46487487,2215914,undetermined,-0.19,12170,TCGA-CN-4726,male,68.0,C06.0,TCGA-CN-4726-10A,TCGA-CN-4726-10A-01D-1432-01,68.0,142.0,0,141.0,7th,TCGA-CN-4726-01A,primary tumour,yes,1c3f3eb4-2416-4e5d-914f-411d976f2553,TCGA-CN-4726-01A-01D-1431-02,Primary tumour,2592c68b-ec5f-4457-807f-37cbc8ac07b6
13.0,43777086,115108397,2057721,undetermined,-0.25,11523,TCGA-CN-4739,male,71.0,C32.9,TCGA-CN-4739-01A,TCGA-CN-4739-01A-02D-1510-01,71.0,348.0,1,348.0,6th,TCGA-CN-4739-01A,primary tumour,yes,f450dbe6-4972-4c49-af97-963bcd0d0da0,TCGA-CN-4739-01A-02D-1509-02,Primary tumour,3b0bed92-ed76-451d-b605-a79fae296dde
13.0,43756747,58583350,2311145,undetermined,0.0,12169,TCGA-DQ-5625,female,52.0,C02.9,TCGA-DQ-5625-10A,TCGA-DQ-5625-10A-01D-1869-01,54.0,1058.0,1,1058.0,6th,TCGA-DQ-5625-01A,primary tumour,yes,74856e66-109f-4a68-a496-8fa66729fe1f,TCGA-DQ-5625-01A-01D-1868-02,Primary tumour,9641d13e-be95-46bb-8330-6128ee15d47c
10.0,46467605,46479812,1858832,undetermined,-0.03,11512,TCGA-CV-5434,male,60.0,C32.9,TCGA-CV-5434-10A,TCGA-CV-5434-10A-01D-1869-01,69.0,3295.0,0,3295.0,7th,TCGA-CV-5434-01A,primary tumour,yes,dc649d39-482d-4855-b9e3-129552e5e421,TCGA-CV-5434-01A-01D-1681-02,Primary tumour,2df4bda8-6016-44de-a9e3-69daa970e758
10.0,46467605,46478979,2418551,undetermined,-0.42,15450,TCGA-HD-8634,female,51.0,C02.9,TCGA-HD-8634-01A,TCGA-HD-8634-01A-11D-2390-01,51.0,30.0,1,30.0,7th,TCGA-HD-8634-01A,primary tumour,yes,7bddc733-9e3e-43da-9a19-492fc54c958f,TCGA-HD-8634-01A-11D-2390-01,Primary tumour,2b53af11-0dd4-46f6-b71c-638b7ad0421f
10.0,46467015,46482317,1549949,undetermined,0.14,11516,TCGA-CV-7261,male,57.0,C32.9,TCGA-CV-7261-11A,TCGA-CV-7261-11A-01D-2010-01,60.0,1099.0,1,1099.0,7th,TCGA-CV-7261-01A,primary tumour,yes,b069c55b-496a-4a57-a507-1b2e1b4201ae,TCGA-CV-7261-01A-11D-2010-01,Primary tumour,8f695cd3-01dd-4601-8b17-37cf40514422
13.0,43513129,91646178,2056832,undetermined,0.0,11523,TCGA-CV-5436,male,65.0,C04.9,TCGA-CV-5436-01A,TCGA-CV-5436-01A-01D-1510-01,66.0,584.0,0,548.0,7th,TCGA-CV-5436-01A,primary tumour,yes,f0c384d4-f323-4986-88e9-9de4dde0b33a,TCGA-CV-5436-01A-01D-1509-02,Primary tumour,a95c1b77-16b3-4b89-98d4-7487ab25fbb9
13.0,43466661,62806981,1710338,undetermined,0.01,11515,TCGA-CQ-6229,male,61.0,C02.9,TCGA-CQ-6229-10A,TCGA-CQ-6229-10A-01D-1910-01,63.0,814.0,1,814.0,6th,TCGA-CQ-6229-01A,primary tumour,yes,f01165b0-911a-45b0-ba7d-7cd0e723a2e4,TCGA-CQ-6229-01A-11D-1910-01,Primary tumour,2d5fda07-e801-4c1f-8494-d2709d203033
10.0,1139711,1142424,2290871,undetermined,-1.88,12169,TCGA-D6-6517,male,59.0,C32.9,TCGA-D6-6517-01A,TCGA-D6-6517-01A-11D-1869-01,59.0,250.0,1,250.0,7th,TCGA-D6-6517-01A,primary tumour,yes,8c099f45-3fd6-4966-8cdb-ca4b9288b1a2,TCGA-D6-6517-01A-11D-1868-02,Primary tumour,97962f6c-b2fb-4618-a5a4-7b376714ec62
13.0,43274623,57751096,2268378,undetermined,0.01,12170,TCGA-CN-5365,male,38.0,C09.9,TCGA-CN-5365-10A,TCGA-CN-5365-10A-01D-1432-01,38.0,351.0,0,350.0,6th,TCGA-CN-5365-01A,primary tumour,yes,665d4bff-603c-497b-816f-c98784665d0f,TCGA-CN-5365-01A-01D-1431-02,Primary tumour,c8e46ce0-2946-4493-823d-130484dd3959
10.0,46461472,46504871,1669799,undetermined,0.17,11515,TCGA-BA-6868,male,53.0,C32.9,TCGA-BA-6868-01B,TCGA-BA-6868-01B-12D-1910-01,53.0,152.0,1,152.0,7th,TCGA-BA-6868-01B,primary tumour,yes,ad04d034-7fff-4073-8c1f-97fac3d0bbdb,TCGA-BA-6868-01B-12D-1910-01,Primary tumour,ae5a8519-03d4-4427-bf49-d012fdb361be
13.0,42820732,53059216,1918646,undetermined,0.08,11512,TCGA-CV-5976,male,50.0,C02.9,TCGA-CV-5976-01A,TCGA-CV-5976-01A-11D-1682-01,54.0,1478.0,1,1478.0,7th,TCGA-CV-5976-01A,primary tumour,yes,eef68956-d624-4cd0-9c48-28faf052c5f9,TCGA-CV-5976-01A-11D-1681-02,Primary tumour,2581bc16-0def-40bc-8a97-54a1ae577e26
10.0,46461472,46479679,1577132,undetermined,0.46,11516,TCGA-CV-7238,female,69.0,C02.9,TCGA-CV-7238-01A,TCGA-CV-7238-01A-11D-2010-01,72.0,1444.0,1,1444.0,7th,TCGA-CV-7238-01A,primary tumour,yes,831808d5-1883-4f6f-b252-1bb397fbd62a,TCGA-CV-7238-01A-11D-2010-01,Primary tumour,e86db3ad-48d4-47e0-90fd-3478dba87d95
10.0,46461472,46479639,2180576,undetermined,0.54,12170,TCGA-BB-4224,male,52.0,C02.9,TCGA-BB-4224-01A,TCGA-BB-4224-01A-01D-1432-01,52.0,275.0,1,275.0,7th,TCGA-BB-4224-01A,primary tumour,yes,077acd68-8c30-41a6-bb7e-5b014866b807,TCGA-BB-4224-01A-01D-1431-02,Primary tumour,e2ff93eb-ae22-4c6b-b4d5-181b9393bc64
10.0,46457573,47174611,2185837,undetermined,0.38,12170,TCGA-BB-4228,male,50.0,C01,TCGA-BB-4228-01A,TCGA-BB-4228-01A-01D-1432-01,51.0,557.0,1,557.0,7th,TCGA-BB-4228-01A,primary tumour,yes,dacf62ca-c443-4fb1-b7ed-90c77eac8682,TCGA-BB-4228-01A-01D-1431-02,Primary tumour,2d5bc0ee-a8b3-4b37-961f-0b81fc5741e8
1.0,34206933,72768916,2474478,undetermined,-0.01,16277,TCGA-BB-7861,male,56.0,C01,TCGA-BB-7861-01A,TCGA-BB-7861-01A-11D-2228-01,56.0,310.0,1,310.0,7th,TCGA-BB-7861-01A,primary tumour,yes,11b16e81-5a7b-4eb0-addb-895dab99bdc1,TCGA-BB-7861-01A-11D-2228-01,Primary tumour,485637dc-7b29-4d71-b59d-415ef50b760a
10.0,46457573,46488233,2217088,undetermined,0.47,12170,TCGA-BA-5153,male,51.0,C09.9,TCGA-BA-5153-01A,TCGA-BA-5153-01A-01D-1432-01,55.0,1761.0,0,1615.0,6th,TCGA-BA-5153-01A,primary tumour,yes,2dc7070a-9c70-4bb1-9634-8c934bb9c8d1,TCGA-BA-5153-01A-01D-1431-02,Primary tumour,f14d0aa8-e7bb-4e0e-b887-da7b6fa0bc86
13.0,41666864,83618161,1666586,undetermined,-0.63,11516,TCGA-CR-7399,female,60.0,C32.9,TCGA-CR-7399-01A,TCGA-CR-7399-01A-11D-2010-01,60.0,180.0,1,180.0,6th,TCGA-CR-7399-01A,primary tumour,yes,05c3d8a0-47a2-44b2-b0c3-144ec0cb2673,TCGA-CR-7399-01A-11D-2010-01,Primary tumour,383597b6-583e-48da-a7e3-9208b1523509
13.0,41068065,55782265,2119968,undetermined,-0.3,11521,TCGA-CV-7435,female,57.0,C14.8,TCGA-CV-7435-01A,TCGA-CV-7435-01A-11D-2128-01,68.0,4334.0,1,4334.0,7th,TCGA-CV-7435-01A,primary tumour,yes,8e843a09-ba96-4089-b6f2-43d751f01203,TCGA-CV-7435-01A-11D-2128-01,Primary tumour,a9e40cc8-34c3-4014-bd59-9035b4dcf198
10.0,46449590,46475717,1848455,undetermined,-0.23,11512,TCGA-CN-6010,male,53.0,C32.9,TCGA-CN-6010-10A,TCGA-CN-6010-10A-01D-1682-01,53.0,207.0,1,207.0,7th,TCGA-CN-6010-01A,primary tumour,yes,cd2a5d45-9bae-4c96-b8dd-7ad079153a49,TCGA-CN-6010-01A-11D-1681-02,Primary tumour,42a37fd0-1657-4dff-b24d-d4033be2e7be
1.0,34046646,45394369,2341123,undetermined,-0.01,12170,TCGA-CN-4722,female,61.0,C32.9,TCGA-CN-4722-10A,TCGA-CN-4722-10A-01D-1432-01,61.0,192.0,1,192.0,7th,TCGA-CN-4722-01A,primary tumour,yes,6e767fc9-0f5a-49ec-999a-cda2daeba6ff,TCGA-CN-4722-01A-01D-1431-02,Primary tumour,0ca196a7-5a71-4e70-8fa6-9506e1883032
10.0,46442703,46812338,1800429,undetermined,0.29,11518,TCGA-DQ-7591,male,62.0,C01,TCGA-DQ-7591-01A,TCGA-DQ-7591-01A-11D-2077-01,62.0,360.0,1,360.0,7th,TCGA-DQ-7591-01A,primary tumour,yes,fb144a86-0eb9-4754-bd74-8ba4bffe7666,TCGA-DQ-7591-01A-11D-2077-01,Primary tumour,ed96f753-37d1-4abd-80e8-20fc6bc30678
1.0,3402939,21687757,1672940,undetermined,0.01,11516,TCGA-CR-7365,male,60.0,C14.8,TCGA-CR-7365-10A,TCGA-CR-7365-10A-01D-2011-01,63.0,1190.0,1,1190.0,6th,TCGA-CR-7365-01A,primary tumour,yes,d5f6bbbf-b482-465e-a4e1-cf5c6502d8f7,TCGA-CR-7365-01A-11D-2010-01,Primary tumour,6702fae7-b300-47a0-a550-518f71aa9a39
13.0,40165671,114987458,2337473,undetermined,-0.13,12169,TCGA-BA-6873,male,28.0,C02.9,TCGA-BA-6873-01A,TCGA-BA-6873-01A-11D-1869-01,28.0,113.0,1,113.0,7th,TCGA-BA-6873-01A,primary tumour,yes,3304f433-c04c-4d5e-9ae7-ac9488879329,TCGA-BA-6873-01A-11D-1868-02,Primary tumour,9a40dc7d-11ba-4efc-ac2e-031b2158b59e
13.0,40128025,55921109,1953889,undetermined,0.0,11518,TCGA-IQ-7632,female,68.0,C14.8,TCGA-IQ-7632-10A,TCGA-IQ-7632-10A-01D-2077-01,68.0,113.0,1,113.0,7th,TCGA-IQ-7632-01A,primary tumour,yes,cd989471-a9cf-4fad-a321-c01764bb85d7,TCGA-IQ-7632-01A-11D-2077-01,Primary tumour,75c29b49-e222-49f2-b827-a684982adbdc
1.0,34007845,43532823,1813486,undetermined,0.01,11518,TCGA-IQ-7631,female,60.0,C06.0,TCGA-IQ-7631-10A,TCGA-IQ-7631-10A-01D-2077-01,60.0,122.0,1,122.0,7th,TCGA-IQ-7631-01A,primary tumour,yes,e106cb26-d4f7-4dd3-889f-c1fc35167d3d,TCGA-IQ-7631-01A-11D-2077-01,Primary tumour,6d22a7fc-ed79-4b98-9a65-b37d02fa0545
10.0,102022937,135356694,2230682,undetermined,0.03,12169,TCGA-CR-6480,male,53.0,C09.9,TCGA-CR-6480-01A,TCGA-CR-6480-01A-11D-1869-01,53.0,362.0,1,362.0,7th,TCGA-CR-6480-01A,primary tumour,yes,0c6b4631-381e-4b73-ac9e-62bbc1849ff4,TCGA-CR-6480-01A-11D-1868-02,Primary tumour,62bfcc6d-8e26-494d-9a41-5a168498c476
13.0,39868816,53094799,2075635,undetermined,-0.04,11523,TCGA-CV-5431,male,73.0,C32.9,TCGA-CV-5431-01A,TCGA-CV-5431-01A-01D-1510-01,74.0,522.0,0,176.0,7th,TCGA-CV-5431-01A,primary tumour,yes,be567c0a-3833-45d7-b846-d229a8e16e16,TCGA-CV-5431-01A-01D-1509-02,Primary tumour,d751368d-5948-42ef-8c61-d24595cac1e9
13.0,39868130,115108397,2305035,undetermined,-0.02,12169,TCGA-DQ-5630,male,73.0,C02.9,TCGA-DQ-5630-01A,TCGA-DQ-5630-01A-01D-1869-01,74.0,477.0,1,477.0,6th,TCGA-DQ-5630-01A,primary tumour,yes,a0cdb208-e66f-4ad7-86fa-5077145a4a68,TCGA-DQ-5630-01A-01D-1868-02,Primary tumour,4c2960da-103b-4620-abcd-0ee586f39e0d
13.0,39754711,53076705,2283333,undetermined,0.0,12169,TCGA-CR-6491,male,60.0,C04.9,TCGA-CR-6491-10A,TCGA-CR-6491-10A-01D-1869-01,60.0,350.0,1,350.0,7th,TCGA-CR-6491-01A,primary tumour,yes,e23d2f8b-aca4-43c2-876e-f8c6e1ca2d93,TCGA-CR-6491-01A-11D-1868-02,Primary tumour,0484dce1-fe56-41d3-93ec-bf5ee0bcab81
13.0,39675022,50132921,2338348,undetermined,0.37,12169,TCGA-DQ-5629,male,64.0,C32.9,TCGA-DQ-5629-01A,TCGA-DQ-5629-01A-01D-1869-01,65.0,516.0,1,516.0,6th,TCGA-DQ-5629-01A,primary tumour,yes,57ea3eed-f8e2-4310-90c0-50d89f818a12,TCGA-DQ-5629-01A-01D-1868-02,Primary tumour,4d00c33a-1c56-4f2c-856f-485289e3f895
1.0,33959615,72763370,1889258,undetermined,0.18,11518,TCGA-DQ-7592,male,57.0,C02.9,TCGA-DQ-7592-01A,TCGA-DQ-7592-01A-11D-2077-01,57.0,299.0,1,299.0,7th,TCGA-DQ-7592-01A,primary tumour,yes,eca57bc5-dbc4-4fbd-87cc-1ebbf90ef9c9,TCGA-DQ-7592-01A-11D-2077-01,Primary tumour,f56dcf26-f04f-41ff-bced-096b676093d5
10.0,46416631,46790324,1573860,undetermined,0.28,11516,TCGA-CV-7183,male,53.0,C14.8,TCGA-CV-7183-01A,TCGA-CV-7183-01A-11D-2010-01,62.0,3496.0,1,3496.0,7th,TCGA-CV-7183-01A,primary tumour,yes,0bfd11fd-b227-41ef-bd54-7be877bce5a2,TCGA-CV-7183-01A-11D-2010-01,Primary tumour,97a20cf1-ef83-46d0-8732-1b32f009c8b4
13.0,39065233,115108397,2288519,undetermined,0.0,12170,TCGA-BB-4223,male,48.0,C09.9,TCGA-BB-4223-10A,TCGA-BB-4223-10A-01D-1432-01,55.0,2891.0,1,2891.0,7th,TCGA-BB-4223-01A,primary tumour,yes,82db742d-885d-4788-b509-474715ae183b,TCGA-BB-4223-01A-01D-1431-02,Primary tumour,007f0f41-c370-45f9-8053-2c774added49
13.0,39065057,91481589,1893565,undetermined,0.0,11512,TCGA-CQ-5324,male,59.0,C14.8,TCGA-CQ-5324-01A,TCGA-CQ-5324-01A-01D-1682-01,62.0,1207.0,1,1207.0,6th,TCGA-CQ-5324-01A,primary tumour,yes,86d93606-6564-4a71-9c69-9f8f6d99daed,TCGA-CQ-5324-01A-01D-1681-02,Primary tumour,a8b5cbd6-6fcf-45dc-b1e6-3a0276838fc6
13.0,39065057,84151019,1913243,undetermined,-0.03,11512,TCGA-CV-5970,male,59.0,C02.9,TCGA-CV-5970-01A,TCGA-CV-5970-01A-11D-1682-01,60.0,406.0,0,406.0,7th,TCGA-CV-5970-01A,primary tumour,yes,4df92618-5e63-46d7-8526-846932bce3c2,TCGA-CV-5970-01A-11D-1681-02,Primary tumour,7ebdef16-0a0e-4db2-ab6a-7b6115a7b739
13.0,39065057,72476988,2260981,undetermined,0.0,12169,TCGA-CQ-5331,female,73.0,C14.8,TCGA-CQ-5331-01A,TCGA-CQ-5331-01A-02D-1869-01,75.0,1028.0,1,1028.0,6th,TCGA-CQ-5331-01A,primary tumour,yes,03753a30-0549-4636-946f-89c73aae1e1f,TCGA-CQ-5331-01A-02D-1868-02,Primary tumour,9ef69f0a-aeae-4c10-a332-bf06018b9588
13.0,39065057,72476988,1735084,undetermined,-0.39,11515,TCGA-CN-6988,male,47.0,C32.9,TCGA-CN-6988-01A,TCGA-CN-6988-01A-11D-1910-01,47.0,42.0,1,42.0,7th,TCGA-CN-6988-01A,primary tumour,yes,ca2a45b4-1eb0-4e28-a4c8-5647bfbaa98c,TCGA-CN-6988-01A-11D-1910-01,Primary tumour,c3d5c853-ad27-4fb1-8eb9-55a40fbc686b
10.0,46409753,47213522,1529612,undetermined,0.75,11516,TCGA-BA-7269,male,61.0,C02.9,TCGA-BA-7269-01A,TCGA-BA-7269-01A-11D-2010-01,61.0,236.0,1,236.0,7th,TCGA-BA-7269-01A,primary tumour,yes,69c35309-ae0a-4596-bd6e-f82f1845452c,TCGA-BA-7269-01A-11D-2010-01,Primary tumour,4645e0ba-1151-413b-8f04-4d69d789b9be
13.0,39065057,57751096,1879118,undetermined,0.0,11518,TCGA-H7-7774,female,75.0,C14.8,TCGA-H7-7774-10A,TCGA-H7-7774-10A-01D-2077-01,75.0,30.0,1,30.0,7th,TCGA-H7-7774-01A,primary tumour,yes,50f6615a-49cc-4e14-b5dd-54784b66c27b,TCGA-H7-7774-01A-21D-2077-01,Primary tumour,db648d15-25c6-4160-94b0-431c9c316442
13.0,39065057,57336726,1736499,undetermined,0.08,11515,TCGA-CN-6989,male,64.0,C32.9,TCGA-CN-6989-01A,TCGA-CN-6989-01A-11D-1910-01,64.0,177.0,1,177.0,7th,TCGA-CN-6989-01A,primary tumour,yes,7ac8fb22-0a09-4b16-af8c-b5c2e90a968a,TCGA-CN-6989-01A-11D-1910-01,Primary tumour,c57cf991-b542-4276-b2d8-d5cb43046c7a
13.0,39065057,54468602,2293628,undetermined,0.22,12170,TCGA-BA-4075,male,49.0,C02.9,TCGA-BA-4075-01A,TCGA-BA-4075-01A-01D-1432-01,49.0,283.0,0,278.0,6th,TCGA-BA-4075-01A,primary tumour,yes,4dc36c31-35d8-4263-b141-c734545540a9,TCGA-BA-4075-01A-01D-1431-02,Primary tumour,4b0b38f4-ac21-4f3e-8a8e-a69fba619629
13.0,39065057,53094799,2440147,undetermined,0.01,15450,TCGA-H7-8501,male,54.0,C06.0,TCGA-H7-8501-10A,TCGA-H7-8501-10A-01D-2390-01,54.0,57.0,1,57.0,7th,TCGA-H7-8501-01A,primary tumour,yes,e0bee92c-8161-40d0-858a-81093d90844f,TCGA-H7-8501-01A-11D-2390-01,Primary tumour,f2d762c5-cac2-407d-b486-7901b85e3e7c
13.0,39065057,53074912,1768949,undetermined,0.28,11516,TCGA-CN-6997,male,66.0,C32.9,TCGA-CN-6997-01A,TCGA-CN-6997-01A-11D-2010-01,66.0,100.0,1,100.0,7th,TCGA-CN-6997-01A,primary tumour,yes,b4c9a3aa-151e-478b-bc18-ce793b68ae09,TCGA-CN-6997-01A-11D-2010-01,Primary tumour,0708217f-f715-4c51-90d5-ed8e934d0249
13.0,39065057,53059216,2008566,undetermined,-0.18,11521,TCGA-HD-7831,male,74.0,C02.9,TCGA-HD-7831-01A,TCGA-HD-7831-01A-11D-2128-01,74.0,0.0,1,0.0,7th,TCGA-HD-7831-01A,primary tumour,yes,1e5dde33-0391-453f-baac-9ef83a8158f8,TCGA-HD-7831-01A-11D-2128-01,Primary tumour,8c337ca5-fe56-482c-8712-ffa022dcfd9b
13.0,39065057,53059216,2294903,undetermined,0.01,12169,TCGA-BA-6871,male,75.0,C01,TCGA-BA-6871-10A,TCGA-BA-6871-10A-01D-1869-01,75.0,63.0,1,63.0,7th,TCGA-BA-6871-01A,primary tumour,yes,6c771242-929b-464e-a8b8-bcd84d17c16e,TCGA-BA-6871-01A-11D-1868-02,Primary tumour,d562cc5a-c1b4-47a2-8fbf-f60a39d383d2
13.0,39065057,50835715,2432397,undetermined,0.13,15450,TCGA-D6-8569,male,52.0,C02.9,TCGA-D6-8569-01A,TCGA-D6-8569-01A-11D-2390-01,52.0,127.0,1,127.0,7th,TCGA-D6-8569-01A,primary tumour,yes,ed1c3805-10b1-4026-8129-b5e6506482fd,TCGA-D6-8569-01A-11D-2390-01,Primary tumour,5e0e0536-b9f0-4e91-a31e-134ca5aea094
13.0,39065057,115108397,1858148,undetermined,0.0,11518,TCGA-IQ-7630,male,49.0,C10.9,TCGA-IQ-7630-10A,TCGA-IQ-7630-10A-01D-2077-01,49.0,160.0,1,160.0,7th,TCGA-IQ-7630-01A,primary tumour,yes,d81234fd-4e10-469a-81e6-f23a192f1ef1,TCGA-IQ-7630-01A-11D-2077-01,Primary tumour,3b9178e7-4a7c-48e8-90ad-d66ef5aea563
13.0,39065057,115108397,1936005,undetermined,0.01,11512,TCGA-CV-5430,male,61.0,C32.9,TCGA-CV-5430-10A,TCGA-CV-5430-10A-01D-1869-01,72.0,4115.0,1,4115.0,7th,TCGA-CV-5430-01A,primary tumour,yes,5d293d68-61ae-49ad-bfcc-e0bdb91cc29e,TCGA-CV-5430-01A-02D-1681-02,Primary tumour,6b580e23-f0ee-4ae1-a898-45121ce7ca91
13.0,39065057,115108397,1826343,undetermined,-0.06,11518,TCGA-CQ-7068,female,80.0,C14.8,TCGA-CQ-7068-01A,TCGA-CQ-7068-01A-11D-2077-01,81.0,693.0,1,693.0,7th,TCGA-CQ-7068-01A,primary tumour,yes,1c86e4af-03ce-477c-be08-0cfa565861b7,TCGA-CQ-7068-01A-11D-2077-01,Primary tumour,a3a3e8ac-0a4d-471e-abaf-869184483285
1.0,33899702,35091674,1889948,undetermined,0.02,11512,TCGA-CQ-5325,male,65.0,C02.9,TCGA-CQ-5325-10A,TCGA-CQ-5325-10A-01D-1682-01,66.0,654.0,0,601.0,6th,TCGA-CQ-5325-01A,primary tumour,yes,8394a7f6-1bf6-473e-a155-3da1a3de244f,TCGA-CQ-5325-01A-01D-1681-02,Primary tumour,ffb4f8e1-b683-4a35-a5e7-15dbf610ae47
10.0,46397589,46475717,1834359,undetermined,-0.28,11512,TCGA-CN-6019,male,61.0,C02.9,TCGA-CN-6019-01A,TCGA-CN-6019-01A-11D-1682-01,61.0,134.0,1,134.0,7th,TCGA-CN-6019-01A,primary tumour,yes,ac349695-2219-4a67-add5-a94ff85794e1,TCGA-CN-6019-01A-11D-1681-02,Primary tumour,2c509e96-12d7-4dbb-a02f-dcdcc6f76952
13.0,38906971,57758389,1865642,undetermined,0.02,11512,TCGA-CV-5978,female,53.0,C32.9,TCGA-CV-5978-11A,TCGA-CV-5978-11A-01D-1682-01,53.0,215.0,0,215.0,7th,TCGA-CV-5978-01A,primary tumour,yes,7560ec6d-e0f2-4b55-88bf-62e7173126a1,TCGA-CV-5978-01A-11D-1681-02,Primary tumour,48afb5bf-191d-455c-ba28-12b9a64ab464
10.0,46383618,48391956,1781702,undetermined,0.04,11512,TCGA-CV-6441,male,60.0,C02.9,TCGA-CV-6441-11A,TCGA-CV-6441-11A-01D-1682-01,60.0,179.0,0,179.0,7th,TCGA-CV-6441-01A,primary tumour,yes,192c9f36-08ec-4f7f-8137-1a9bd0282d98,TCGA-CV-6441-01A-11D-1681-02,Primary tumour,fe879d88-4817-4ed8-9fb2-ee92af1a582f
13.0,38560929,68197851,2489532,undetermined,-0.44,16277,TCGA-DQ-7590,male,51.0,C09.9,TCGA-DQ-7590-01A,TCGA-DQ-7590-01A-11D-2228-01,52.0,661.0,1,661.0,7th,TCGA-DQ-7590-01A,primary tumour,yes,36fb3f52-714b-4b86-a7a5-ca4b017fd182,TCGA-DQ-7590-01A-11D-2228-01,Primary tumour,4901bd51-ffba-49a6-bc23-84dabff6b009
10.0,46381507,47174611,1786532,undetermined,0.46,11512,TCGA-CV-6436,male,62.0,C02.9,TCGA-CV-6436-01A,TCGA-CV-6436-01A-11D-1682-01,64.0,743.0,1,743.0,7th,TCGA-CV-6436-01A,primary tumour,yes,6466056e-1cd6-46bd-9093-1493049fcaf0,TCGA-CV-6436-01A-11D-1681-02,Primary tumour,eeb30261-cd19-468f-8965-624e9a540b99
10.0,46381507,47011195,2226922,undetermined,0.34,12170,TCGA-CN-5366,male,51.0,C32.9,TCGA-CN-5366-01A,TCGA-CN-5366-01A-01D-1432-01,51.0,360.0,0,359.0,6th,TCGA-CN-5366-01A,primary tumour,yes,62fdf8f3-a028-453f-b27c-c2506be68cbe,TCGA-CN-5366-01A-01D-1431-02,Primary tumour,ae791ab1-78e2-4e8b-ab05-4435d9c67aa3
13.0,38125214,57751096,1900367,undetermined,-0.06,11512,TCGA-CN-6020,male,58.0,C04.9,TCGA-CN-6020-01A,TCGA-CN-6020-01A-11D-1682-01,58.0,97.0,1,97.0,7th,TCGA-CN-6020-01A,primary tumour,yes,5a0058ee-8f97-4418-889f-8f24475dafc1,TCGA-CN-6020-01A-11D-1681-02,Primary tumour,b7e780c8-774e-47e4-8629-c655694e6276
13.0,38088609,69259015,1681906,undetermined,-0.23,11516,TCGA-CR-7379,female,78.0,C14.8,TCGA-CR-7379-01A,TCGA-CR-7379-01A-11D-2010-01,80.0,1036.0,1,1036.0,6th,TCGA-CR-7379-01A,primary tumour,yes,262d3cf5-c3b4-4622-b041-a6a7e131ac8e,TCGA-CR-7379-01A-11D-2010-01,Primary tumour,d96c4010-2ee5-48e5-934c-de82e60f8896
13.0,38088609,57751096,2084831,undetermined,0.03,11523,TCGA-BA-5557,female,41.0,C14.8,TCGA-BA-5557-01A,TCGA-BA-5557-01A-01D-1510-01,41.0,242.0,1,242.0,7th,TCGA-BA-5557-01A,primary tumour,yes,67d75889-e868-41f2-8255-5d5d1aa0a854,TCGA-BA-5557-01A-01D-1509-02,Primary tumour,0ddc26b3-2d83-4539-a934-4b0fef8d1f69
13.0,38088609,115108397,2269806,undetermined,-0.19,12169,TCGA-CR-6481,male,47.0,C09.9,TCGA-CR-6481-01A,TCGA-CR-6481-01A-11D-1869-01,47.0,311.0,1,311.0,7th,TCGA-CR-6481-01A,primary tumour,yes,04652163-a674-446f-9e86-607de19e4c34,TCGA-CR-6481-01A-11D-1868-02,Primary tumour,56a8daa9-a5d5-42db-b07b-90dd9a1bbd6c
13.0,38088387,93883733,1745754,undetermined,-0.3,11516,TCGA-CR-5248,male,53.0,C09.9,TCGA-CR-5248-01A,TCGA-CR-5248-01A-01D-2010-01,57.0,1662.0,1,1662.0,6th,TCGA-CR-5248-01A,primary tumour,yes,0771e98b-4e65-450d-afc2-33d4e30b3df2,TCGA-CR-5248-01A-01D-2010-01,Primary tumour,16f67705-b3ac-40f5-9318-de185f32d1ae
13.0,38088387,72476988,1916834,undetermined,0.05,11512,TCGA-CV-5973,female,62.0,C02.9,TCGA-CV-5973-01A,TCGA-CV-5973-01A-11D-1682-01,66.0,1736.0,1,1736.0,7th,TCGA-CV-5973-01A,primary tumour,yes,5078222f-b257-4286-a29a-bc1e395149bc,TCGA-CV-5973-01A-11D-1681-02,Primary tumour,55e8aeac-4c0e-49df-8f57-605e7c820b89
13.0,38088387,67532154,1875579,undetermined,-0.12,11512,TCGA-CN-6023,male,73.0,C32.9,TCGA-CN-6023-01A,TCGA-CN-6023-01A-11D-1682-01,73.0,188.0,1,188.0,6th,TCGA-CN-6023-01A,primary tumour,yes,5e42be68-8865-4c69-8684-0f6e5c6c9b94,TCGA-CN-6023-01A-11D-1681-02,Primary tumour,bca4d2ff-ea17-4493-8166-6b724ca35c89
13.0,38088387,57751096,1788588,undetermined,0.01,11516,TCGA-CX-7219,male,47.0,C04.9,TCGA-CX-7219-10A,TCGA-CX-7219-10A-01D-2011-01,49.0,828.0,1,828.0,6th,TCGA-CX-7219-01A,primary tumour,yes,e1d63fe2-8e58-496a-8660-4f1ee422bfc8,TCGA-CX-7219-01A-11D-2010-01,Primary tumour,e6e8a1cb-3529-4eca-bfd3-dd804d7575da
13.0,38088387,53094799,2469306,undetermined,0.01,16277,TCGA-DQ-7593,male,58.0,C01,TCGA-DQ-7593-10D,TCGA-DQ-7593-10D-01D-2228-01,59.0,369.0,1,369.0,7th,TCGA-DQ-7593-01A,primary tumour,yes,170b6ab0-e81b-4652-b0ac-55cfd7217f0b,TCGA-DQ-7593-01A-11D-2228-01,Primary tumour,c7f47679-3930-4423-a704-b60b28148749
13.0,38088374,72476988,1844032,undetermined,-0.01,11518,TCGA-CR-6492,male,78.0,C05.0,TCGA-CR-6492-01A,TCGA-CR-6492-01A-12D-2077-01,79.0,479.0,1,479.0,7th,TCGA-CR-6492-01A,primary tumour,yes,9d258494-fb84-4435-aa3a-f5778ac061c5,TCGA-CR-6492-01A-12D-2077-01,Primary tumour,ed9f6331-391d-4896-a0dc-688725a651b1
13.0,38088374,57758270,1825076,undetermined,0.0,11518,TCGA-CR-6488,female,68.0,C02.9,TCGA-CR-6488-10A,TCGA-CR-6488-10A-01D-2077-01,69.0,379.0,1,379.0,7th,TCGA-CR-6488-01A,primary tumour,yes,409382c9-7fca-46e7-8862-a5293c245442,TCGA-CR-6488-01A-12D-2077-01,Primary tumour,d4ecd136-f49c-48be-baa9-448f9ba5d004
13.0,38088374,51039421,2274585,undetermined,0.01,12170,TCGA-CN-4731,female,63.0,C14.8,TCGA-CN-4731-10A,TCGA-CN-4731-10A-01D-1432-01,64.0,383.0,1,383.0,7th,TCGA-CN-4731-01A,primary tumour,yes,cd4e9d8c-b1f9-486a-adcd-bd4b77a50326,TCGA-CN-4731-01A-01D-1431-02,Primary tumour,981d992b-b92f-4e42-aa43-fc48068648a8
13.0,38088374,50809963,1633492,undetermined,0.0,11516,TCGA-CR-7397,male,44.0,C02.9,TCGA-CR-7397-10A,TCGA-CR-7397-10A-01D-2011-01,44.0,216.0,1,216.0,7th,TCGA-CR-7397-01A,primary tumour,yes,fd765aed-3665-47c9-b1d7-d25ea1e519ec,TCGA-CR-7397-01A-11D-2010-01,Primary tumour,9374410b-7c8d-4e5a-ab9e-b159ef64021b
13.0,38088374,50596333,1754242,undetermined,0.05,11515,TCGA-CQ-6218,female,52.0,C02.9,TCGA-CQ-6218-01A,TCGA-CQ-6218-01A-11D-1910-01,54.0,870.0,1,870.0,6th,TCGA-CQ-6218-01A,primary tumour,yes,9baf9ac4-74dc-4c50-93cc-b48a1886e67f,TCGA-CQ-6218-01A-11D-1910-01,Primary tumour,81cc35f0-7754-4b37-8501-54b39be70d33
13.0,38088330,85968314,2027195,undetermined,0.0,11521,TCGA-CR-7376,male,83.0,C14.8,TCGA-CR-7376-10A,TCGA-CR-7376-10A-01D-2128-01,85.0,972.0,1,972.0,6th,TCGA-CR-7376-01A,primary tumour,yes,1007263a-a0fa-410f-bc99-50c0819a6a8d,TCGA-CR-7376-01A-11D-2128-01,Primary tumour,3ac61d53-709a-4a51-bcf7-52a19112d2d1
10.0,46374544,46839717,2033281,undetermined,-0.4,11523,TCGA-CN-4738,male,53.0,C32.9,TCGA-CN-4738-10A,TCGA-CN-4738-10A-01D-1510-01,54.0,436.0,0,280.0,6th,TCGA-CN-4738-01A,primary tumour,yes,8277e744-0508-47d5-9cea-11dcf7f56d35,TCGA-CN-4738-01A-02D-1509-02,Primary tumour,0eabe3ed-367b-4055-8700-0036e6a0fb1d
13.0,38088330,83188087,1722173,undetermined,0.01,11516,TCGA-CN-6998,male,53.0,C02.9,TCGA-CN-6998-10A,TCGA-CN-6998-10A-01D-2011-01,53.0,46.0,1,46.0,7th,TCGA-CN-6998-01A,primary tumour,yes,64c8db8b-5d5c-4fbe-8996-4a7cb161d4a0,TCGA-CN-6998-01A-23D-2010-01,Primary tumour,a10ebaf5-a6f1-4db4-a59f-808e71577530
13.0,38088330,72476988,1639128,undetermined,0.02,11516,TCGA-CR-7395,female,80.0,C14.8,TCGA-CR-7395-01A,TCGA-CR-7395-01A-11D-2010-01,82.0,929.0,1,929.0,6th,TCGA-CR-7395-01A,primary tumour,yes,6a888225-823f-4ef1-a3a1-99e7cd7680f1,TCGA-CR-7395-01A-11D-2010-01,Primary tumour,9d6b78de-e31d-4945-8bfe-be7ffee26c15
13.0,38088330,72476988,2069152,undetermined,-0.2,11523,TCGA-CR-5249,female,35.0,C09.9,TCGA-CR-5249-01A,TCGA-CR-5249-01A-01D-1510-01,38.0,1152.0,1,1152.0,6th,TCGA-CR-5249-01A,primary tumour,yes,6697dd71-5a58-4862-b26e-ea16dcc383f2,TCGA-CR-5249-01A-01D-1509-02,Primary tumour,fcaf19bb-27b2-4d30-845f-18c8620b4ecb
13.0,38088330,72458341,2304647,undetermined,-0.46,12170,TCGA-BA-4078,male,83.0,C32.9,TCGA-BA-4078-01A,TCGA-BA-4078-01A-01D-1432-01,83.0,276.0,0,170.0,6th,TCGA-BA-4078-01A,primary tumour,yes,2027ede3-13f5-40f6-bef6-16704981d676,TCGA-BA-4078-01A-01D-1431-02,Primary tumour,66a9cff2-397e-415e-bf54-9a75ccc80bde
13.0,38088330,65924083,2066636,undetermined,-0.66,11523,TCGA-CR-5243,male,51.0,C09.9,TCGA-CR-5243-01A,TCGA-CR-5243-01A-01D-1510-01,58.0,2562.0,1,2562.0,6th,TCGA-CR-5243-01A,primary tumour,yes,d89d46ea-9a7a-4fd8-b11e-9c9ca4780119,TCGA-CR-5243-01A-01D-1509-02,Primary tumour,1585cceb-6c23-4889-a30b-09311a16684d
13.0,38088330,65352131,2474366,undetermined,0.01,16277,TCGA-HD-7917,male,62.0,C04.9,TCGA-HD-7917-10A,TCGA-HD-7917-10A-01D-2228-01,62.0,31.0,1,31.0,7th,TCGA-HD-7917-01A,primary tumour,yes,fd10c460-8f6a-4748-a422-b00f9fb5adc0,TCGA-HD-7917-01A-11D-2228-01,Primary tumour,68eebb51-70fe-4446-a95d-46ccbbfd5a84
10.0,46374540,67091861,2025163,undetermined,0.01,11523,TCGA-BA-5149,male,47.0,C04.9,TCGA-BA-5149-01A,TCGA-BA-5149-01A-01D-1510-01,47.0,248.0,1,248.0,7th,TCGA-BA-5149-01A,primary tumour,yes,e5a9fe30-e292-47dc-8ef5-565894b02a62,TCGA-BA-5149-01A-01D-1509-02,Primary tumour,0f1eec01-b772-47f6-8a14-0f651fc2f84e
13.0,38088330,62254722,2479407,undetermined,0.01,16277,TCGA-CQ-7067,female,75.0,C76.,TCGA-CQ-7067-10A,TCGA-CQ-7067-10A-01D-2228-01,76.0,508.0,1,508.0,6th,TCGA-CQ-7067-01A,primary tumour,yes,5f1ed4a0-e5da-413f-bffc-d9a7579ec2f3,TCGA-CQ-7067-01A-11D-2228-01,Primary tumour,fd9c332e-392c-48e0-882a-8bf082a4f5fe
13.0,38088330,58590281,2258536,undetermined,0.01,12169,TCGA-CR-6487,male,50.0,C09.9,TCGA-CR-6487-10A,TCGA-CR-6487-10A-01D-1869-01,50.0,233.0,1,233.0,7th,TCGA-CR-6487-01A,primary tumour,yes,027dedd3-bd53-420e-b7f2-eb5b8c26bcdc,TCGA-CR-6487-01A-11D-1868-02,Primary tumour,36852511-6cbb-4023-95a6-7d91a8151d21
13.0,38088330,58584790,2261419,undetermined,0.01,12170,TCGA-CN-5363,male,48.0,C32.9,TCGA-CN-5363-10A,TCGA-CN-5363-10A-01D-1432-01,48.0,252.0,0,251.0,6th,TCGA-CN-5363-01A,primary tumour,yes,5e4e1e21-8016-4e27-8f72-2411714203e8,TCGA-CN-5363-01A-01D-1431-02,Primary tumour,beb17091-bd47-4666-8e3a-7a397977ea41
13.0,38088330,58584790,2252326,undetermined,0.03,12170,TCGA-BA-4077,female,45.0,C02.9,TCGA-BA-4077-10A,TCGA-BA-4077-10A-01D-1432-01,48.0,1134.0,0,1059.0,6th,TCGA-BA-4077-01B,primary tumour,yes,327bbca7-fa25-4a92-be27-21a4c184c760,TCGA-BA-4077-01B-01D-1431-02,Primary tumour,8428602a-5eec-4d09-b187-02b1cff24eb5
13.0,38088330,57758270,2441507,undetermined,-0.02,15450,TCGA-CQ-7063,female,59.0,C76.,TCGA-CQ-7063-01A,TCGA-CQ-7063-01A-11D-2390-01,63.0,1461.0,1,1461.0,6th,TCGA-CQ-7063-01A,primary tumour,yes,61cff819-cef5-4a0b-8f2c-0299a09a72e5,TCGA-CQ-7063-01A-11D-2390-01,Primary tumour,68761f5e-6027-49e9-8352-7b8c2554550a
13.0,38088330,57751096,2249970,undetermined,0.01,12170,TCGA-CN-5355,male,64.0,C32.9,TCGA-CN-5355-10A,TCGA-CN-5355-10A-01D-1432-01,64.0,279.0,1,279.0,7th,TCGA-CN-5355-01A,primary tumour,yes,63535469-d402-4ba2-9ab5-986e6ed80f55,TCGA-CN-5355-01A-01D-1431-02,Primary tumour,180bc055-9c10-4b84-80c4-3df00742719d
13.0,38088330,53093822,1923623,undetermined,0.01,11512,TCGA-CQ-5332,male,87.0,C14.8,TCGA-CQ-5332-10A,TCGA-CQ-5332-10A-01D-1682-01,87.0,317.0,0,56.0,6th,TCGA-CQ-5332-01A,primary tumour,yes,a7d4de4a-6195-4e76-b307-7184229fd0d1,TCGA-CQ-5332-01A-01D-1681-02,Primary tumour,931fc2c7-144d-4654-b357-0a114d6d78fd
13.0,38088330,50960666,2311806,undetermined,-0.01,12169,TCGA-BB-4227,male,66.0,C13.9,TCGA-BB-4227-10A,TCGA-BB-4227-10A-01D-1869-01,66.0,133.0,1,133.0,7th,TCGA-BB-4227-01A,primary tumour,yes,a6748675-5433-4f39-a578-9a1ddb8bb1b3,TCGA-BB-4227-01A-01D-1868-02,Primary tumour,35ed84f2-12f7-4be6-9e5f-1d02ef354aa7
13.0,38088330,50919045,1760549,undetermined,0.01,11516,TCGA-CR-5247,male,48.0,C09.9,TCGA-CR-5247-10A,TCGA-CR-5247-10A-01D-2011-01,48.0,358.0,1,358.0,6th,TCGA-CR-5247-01A,primary tumour,yes,43739161-8083-4740-a670-1a334a87ca7e,TCGA-CR-5247-01A-01D-2010-01,Primary tumour,424ca0d1-7291-4b1f-ac3f-d9faaa4b27fb
13.0,38088330,115108397,1894235,undetermined,0.02,11512,TCGA-CQ-5327,female,61.0,C02.9,TCGA-CQ-5327-10A,TCGA-CQ-5327-10A-01D-1682-01,64.0,1183.0,1,1183.0,6th,TCGA-CQ-5327-01A,primary tumour,yes,93d283a7-e866-4f23-81f7-942dee5009b8,TCGA-CQ-5327-01A-01D-1681-02,Primary tumour,55f0f300-e472-4254-9bda-76ad94ea8c13
13.0,38088330,113628840,1924721,undetermined,0.0,11512,TCGA-CN-6024,male,66.0,C02.9,TCGA-CN-6024-10A,TCGA-CN-6024-10A-01D-1682-01,66.0,224.0,1,224.0,6th,TCGA-CN-6024-01A,primary tumour,yes,5f21f4c8-7837-41c0-937c-274534cc0740,TCGA-CN-6024-01A-11D-1681-02,Primary tumour,7fc16950-cf1c-4c92-8336-1a15717b7457
13.0,38088330,106316892,2436457,undetermined,0.0,15450,TCGA-HD-8314,male,58.0,C01,TCGA-HD-8314-10A,TCGA-HD-8314-10A-01D-2390-01,58.0,44.0,1,44.0,7th,TCGA-HD-8314-01A,primary tumour,yes,1712a6d6-d4ef-45b8-8093-f3266e5e6ead,TCGA-HD-8314-01A-11D-2390-01,Primary tumour,295f056e-fc6d-4bb6-91be-0bd00f7190f4
13.0,38084757,72476988,1681396,undetermined,-0.11,11515,TCGA-CN-6994,male,67.0,C14.8,TCGA-CN-6994-01A,TCGA-CN-6994-01A-11D-1910-01,67.0,119.0,1,119.0,7th,TCGA-CN-6994-01A,primary tumour,yes,1a5af8e2-61b4-4a04-b4b6-ea41fc34c89a,TCGA-CN-6994-01A-11D-1910-01,Primary tumour,38341d1d-6b61-45c5-9f80-31c0c6896441
13.0,38084757,69242255,1912506,undetermined,0.17,11512,TCGA-CN-6013,male,56.0,C03.9,TCGA-CN-6013-01A,TCGA-CN-6013-01A-11D-1682-01,56.0,154.0,1,154.0,7th,TCGA-CN-6013-01A,primary tumour,yes,d018cd44-6b01-44f2-9181-81153225aab8,TCGA-CN-6013-01A-11D-1681-02,Primary tumour,2de7dbc6-2a3e-4e67-bb96-552e27137618
13.0,38084757,62806981,1694781,undetermined,-0.04,11515,TCGA-D6-6824,male,61.0,C32.9,TCGA-D6-6824-01A,TCGA-D6-6824-01A-11D-1910-01,61.0,77.0,1,77.0,7th,TCGA-D6-6824-01A,primary tumour,yes,2e1366b9-95b7-4a0d-81f0-7ec14e4f4592,TCGA-D6-6824-01A-11D-1910-01,Primary tumour,e1b3612a-4ec2-43a1-a3c5-b2b011e25eb2
13.0,38084757,50553051,1888154,undetermined,-0.62,11512,TCGA-CQ-5323,male,82.0,C14.8,TCGA-CQ-5323-01A,TCGA-CQ-5323-01A-01D-1682-01,86.0,1465.0,1,1465.0,6th,TCGA-CQ-5323-01A,primary tumour,yes,3ac5396d-b92f-41d5-a3f0-603aa52aafa3,TCGA-CQ-5323-01A-01D-1681-02,Primary tumour,cc17588b-82b5-4998-ba6c-d5958a6b4de4
13.0,38084732,53353041,1630866,undetermined,0.01,11516,TCGA-CR-7385,male,42.0,C09.9,TCGA-CR-7385-10A,TCGA-CR-7385-10A-01D-2011-01,44.0,997.0,1,997.0,6th,TCGA-CR-7385-01A,primary tumour,yes,4c4a6867-babe-4032-a639-a9b31cdddc6c,TCGA-CR-7385-01A-11D-2010-01,Primary tumour,de6ee130-b465-4337-b9e1-61f6629d1669
13.0,38084732,53094799,1867082,undetermined,-0.03,11518,TCGA-HD-7754,male,69.0,C10.9,TCGA-HD-7754-01A,TCGA-HD-7754-01A-11D-2077-01,69.0,25.0,1,25.0,7th,TCGA-HD-7754-01A,primary tumour,yes,adb496a1-07eb-45b9-8690-00184143300e,TCGA-HD-7754-01A-11D-2077-01,Primary tumour,4bf38b06-371a-4c4e-9e59-bfa21bc28286
13.0,38084543,68984359,2279236,undetermined,0.0,12170,TCGA-CN-4734,male,70.0,C06.0,TCGA-CN-4734-10A,TCGA-CN-4734-10A-01D-1432-01,70.0,226.0,1,226.0,7th,TCGA-CN-4734-01A,primary tumour,yes,20614787-1e55-40f0-88de-080640eb8a03,TCGA-CN-4734-01A-01D-1431-02,Primary tumour,ea9125c8-3f3b-47ce-ad79-802692b1fb4a
13.0,38084105,52789091,2306027,undetermined,0.01,12169,TCGA-CR-6473,male,68.0,C13.9,TCGA-CR-6473-10A,TCGA-CR-6473-10A-01D-1869-01,71.0,1125.0,1,1125.0,6th,TCGA-CR-6473-01A,primary tumour,yes,ed96ee9b-cf03-4eaa-b783-07b739e3a648,TCGA-CR-6473-01A-11D-1868-02,Primary tumour,c6e1b485-4e80-45e0-9a65-f0681cbdbd93
10.0,46366714,47417400,1752965,undetermined,0.48,11518,TCGA-CX-7086,male,53.0,C04.9,TCGA-CX-7086-10D,TCGA-CX-7086-10D-01D-2077-01,53.0,236.0,1,236.0,7th,TCGA-CX-7086-01A,primary tumour,yes,b293a736-9a82-4ad9-bf7e-9e2cea09ddbc,TCGA-CX-7086-01A-11D-2077-01,Primary tumour,68f9a011-2bfd-45ca-a9af-2586b5f4f402
10.0,46366714,47241036,2462114,undetermined,0.04,16277,TCGA-BB-7866,male,40.0,C09.9,TCGA-BB-7866-01A,TCGA-BB-7866-01A-11D-2228-01,41.0,638.0,1,638.0,7th,TCGA-BB-7866-01A,primary tumour,yes,736c3c8c-ff9f-4892-860f-04665a1f344b,TCGA-BB-7866-01A-11D-2228-01,Primary tumour,d4c22e16-81ec-4e2d-a0d0-af61229a8864
10.0,46366714,47015912,2227329,undetermined,0.47,12169,TCGA-DQ-5631,male,52.0,C02.9,TCGA-DQ-5631-10A,TCGA-DQ-5631-10A-01D-1869-01,53.0,548.0,0,540.0,6th,TCGA-DQ-5631-01A,primary tumour,yes,2e4aa773-6094-46bd-a97f-9694e80c71cf,TCGA-DQ-5631-01A-01D-1868-02,Primary tumour,5b9e894b-444b-4dcf-9e6c-c1f398a52a81
1.0,33790527,53597410,1895908,undetermined,0.01,11512,TCGA-CQ-5329,female,46.0,C02.9,TCGA-CQ-5329-10A,TCGA-CQ-5329-10A-01D-1682-01,48.0,841.0,1,841.0,6th,TCGA-CQ-5329-01A,primary tumour,yes,d22e9b65-495b-4d42-926a-01bf2c436d76,TCGA-CQ-5329-01A-01D-1681-02,Primary tumour,63ce8a9c-2cc5-41d9-b24d-3fb88343b693
10.0,46366714,46684870,1587899,undetermined,0.22,11516,TCGA-CV-7243,male,50.0,C02.9,TCGA-CV-7243-01A,TCGA-CV-7243-01A-11D-2010-01,52.0,953.0,1,953.0,7th,TCGA-CV-7243-01A,primary tumour,yes,cd1e5e88-5ca3-4f15-ae99-33457222c03b,TCGA-CV-7243-01A-11D-2010-01,Primary tumour,e9774631-05be-4c61-b6b4-6264f2f15b67
10.0,46337321,48356772,2019462,undetermined,0.01,11523,TCGA-BA-5555,male,54.0,C32.9,TCGA-BA-5555-10A,TCGA-BA-5555-10A-01D-1510-01,54.0,186.0,1,186.0,7th,TCGA-BA-5555-01A,primary tumour,yes,2920ca1c-6035-4350-ada4-c60d485dbfff,TCGA-BA-5555-01A-01D-1509-02,Primary tumour,4ab42df9-a215-4965-a125-cc0c4122ff06
13.0,33587652,95823359,2331148,undetermined,-0.59,12169,TCGA-CR-6467,male,59.0,C09.9,TCGA-CR-6467-01A,TCGA-CR-6467-01A-11D-1869-01,63.0,1777.0,1,1777.0,6th,TCGA-CR-6467-01A,primary tumour,yes,5ef4d047-5a84-4e03-acf5-02029d8a4cf2,TCGA-CR-6467-01A-11D-1868-02,Primary tumour,9920f7f6-0608-4511-8f9a-08b51b98665e
10.0,46293619,46674180,1679934,undetermined,-0.48,11516,TCGA-CR-7386,male,69.0,C14.8,TCGA-CR-7386-01A,TCGA-CR-7386-01A-11D-2010-01,72.0,1430.0,1,1430.0,6th,TCGA-CR-7386-01A,primary tumour,yes,d266446d-fbbf-4814-9805-04c865ae6fba,TCGA-CR-7386-01A-11D-2010-01,Primary tumour,03884466-45fc-4dfb-8108-f32c4315bca8
13.0,30789679,72476988,1932909,undetermined,0.0,11512,TCGA-CV-5977,male,66.0,C02.9,TCGA-CV-5977-11A,TCGA-CV-5977-11A-01D-1682-01,68.0,1007.0,1,1007.0,7th,TCGA-CV-5977-01A,primary tumour,yes,84756ab5-9cb6-4dbd-848c-a85804f22aa1,TCGA-CV-5977-01A-11D-1681-02,Primary tumour,140e6b2e-7edd-417d-b720-58beab50aea5
13.0,27647030,115108397,1678095,undetermined,0.01,11516,TCGA-CR-7391,female,36.0,C02.9,TCGA-CR-7391-10A,TCGA-CR-7391-10A-01D-2011-01,38.0,913.0,1,913.0,6th,TCGA-CR-7391-01A,primary tumour,yes,54b7db2e-f0dd-469d-81bb-4e2a86ebea9d,TCGA-CR-7391-01A-11D-2010-01,Primary tumour,c700105e-64ab-4e72-b49d-5d4e9feae2e8
10.0,46111165,46821347,2193141,undetermined,0.27,12169,TCGA-CR-6482,male,62.0,C09.9,TCGA-CR-6482-10A,TCGA-CR-6482-10A-01D-1869-01,62.0,345.0,1,345.0,7th,TCGA-CR-6482-01A,primary tumour,yes,92173f97-b46a-4950-8cd8-6729ab9522c5,TCGA-CR-6482-01A-11D-1868-02,Primary tumour,ea1fd20c-73fd-4e02-a46a-61105c9a3ffe
13.0,65694984,69631450,2028539,undetermined,-0.18,11523,TCGA-CV-5442,female,76.0,C05.0,TCGA-CV-5442-01A,TCGA-CV-5442-01A-01D-1510-01,82.0,2326.0,1,2326.0,7th,TCGA-CV-5442-01A,primary tumour,yes,698208bb-7272-4ad5-9cc0-909cb669bdaf,TCGA-CV-5442-01A-01D-1509-02,Primary tumour,c1f6ede5-6bb7-498c-927b-8eaf0a4d0ab4
13.0,64948410,114987458,2141329,undetermined,0.38,11523,TCGA-CN-4742,female,48.0,C02.9,TCGA-CN-4742-01A,TCGA-CN-4742-01A-02D-1510-01,49.0,397.0,0,396.0,6th,TCGA-CN-4742-01A,primary tumour,yes,507b9a1d-bfbf-43f8-86d2-665a488441af,TCGA-CN-4742-01A-02D-1509-02,Primary tumour,a9768535-fe1c-4b4f-b709-ded0809ba592
13.0,64244496,115108397,1726078,undetermined,-0.09,11516,TCGA-CV-6942,female,73.0,C14.8,TCGA-CV-6942-01A,TCGA-CV-6942-01A-21D-2010-01,83.0,3835.0,1,3835.0,7th,TCGA-CV-6942-01A,primary tumour,yes,faf2c979-3561-4aa3-92ad-86641cef920c,TCGA-CV-6942-01A-21D-2010-01,Primary tumour,fe8ee317-11bd-4500-a793-0106d969e1ca
13.0,64239563,72476988,1740842,undetermined,0.02,11515,TCGA-CQ-6222,male,63.0,C02.9,TCGA-CQ-6222-10A,TCGA-CQ-6222-10A-01D-1910-01,66.0,1160.0,1,1160.0,6th,TCGA-CQ-6222-01A,primary tumour,yes,64685862-0e99-4f78-80cd-7f11ad35ef56,TCGA-CQ-6222-01A-11D-1910-01,Primary tumour,d2a936e7-9402-4223-89ee-ee19d7d91c43
13.0,64114827,106131138,1874346,undetermined,0.16,11512,TCGA-CV-6003,female,50.0,C02.9,TCGA-CV-6003-01A,TCGA-CV-6003-01A-11D-1682-01,53.0,1246.0,1,1246.0,7th,TCGA-CV-6003-01A,primary tumour,yes,6892f7e3-630e-45b5-8c30-139161461a85,TCGA-CV-6003-01A-11D-1681-02,Primary tumour,9df426c5-e45e-428b-a63c-11d4c1beb4b2
10.0,46520662,48350704,2466336,undetermined,-0.23,16277,TCGA-DQ-7589,male,70.0,C32.9,TCGA-DQ-7589-01A,TCGA-DQ-7589-01A-11D-2228-01,71.0,575.0,1,575.0,7th,TCGA-DQ-7589-01A,primary tumour,yes,19c44a45-4f80-4d5a-beac-83db256a3434,TCGA-DQ-7589-01A-11D-2228-01,Primary tumour,dcb7775c-ac58-4dda-a650-7520af95ecca
13.0,57792969,72476988,2481026,undetermined,0.01,16277,TCGA-HL-7533,male,65.0,C14.8,TCGA-HL-7533-10A,TCGA-HL-7533-10A-01D-2228-01,66.0,692.0,1,692.0,6th,TCGA-HL-7533-01A,primary tumour,yes,3ca6bb6b-a9ef-4d8f-bdbe-a01567a60251,TCGA-HL-7533-01A-11D-2228-01,Primary tumour,d26df559-dd37-4fbc-9f51-6135ce3eca83
13.0,57789714,76109536,2070281,undetermined,-0.03,11523,TCGA-CV-5444,male,64.0,C32.9,TCGA-CV-5444-01A,TCGA-CV-5444-01A-02D-1510-01,69.0,1969.0,1,1969.0,7th,TCGA-CV-5444-01A,primary tumour,yes,8cc840ea-3053-41a2-a325-6e86f3deeec6,TCGA-CV-5444-01A-02D-1509-02,Primary tumour,c84140bf-46ce-4dc1-9258-2530598369e0
10.0,46479679,47241036,2199219,undetermined,-0.16,12170,TCGA-BB-4225,male,73.0,C01,TCGA-BB-4225-01A,TCGA-BB-4225-01A-01D-1432-01,73.0,140.0,1,140.0,7th,TCGA-BB-4225-01A,primary tumour,yes,ac42070b-f4d6-47be-96aa-a713d66a0072,TCGA-BB-4225-01A-01D-1431-02,Primary tumour,f7e6bd4d-3e7c-427e-8618-fafb3731e597
1.0,38900345,40939892,1936152,undetermined,1.07,11515,TCGA-CN-6992,male,61.0,C32.9,TCGA-CN-6992-01A,TCGA-CN-6992-01A-11D-1910-01,61.0,83.0,1,83.0,7th,TCGA-CN-6992-01A,primary tumour,yes,ce0b9c55-baeb-4ca8-9235-51a836a4b58f,TCGA-CN-6992-01A-11D-1910-01,Primary tumour,95b8dc52-6031-4571-b432-132276959b23
13.0,71376212,108779395,1916159,undetermined,0.18,11515,TCGA-CN-6996,female,58.0,C02.9,TCGA-CN-6996-01A,TCGA-CN-6996-01A-11D-1910-01,58.0,114.0,1,114.0,7th,TCGA-CN-6996-01A,primary tumour,yes,2c3790ce-a54d-431b-b76c-fa25441aa41c,TCGA-CN-6996-01A-11D-1910-01,Primary tumour,e4171960-acb7-4faa-b44f-cc520982d2f8
13.0,70958550,114987458,2339034,undetermined,-0.04,12170,TCGA-BA-5151,male,72.0,C06.0,TCGA-BA-5151-01A,TCGA-BA-5151-01A-01D-1432-01,72.0,190.0,1,190.0,7th,TCGA-BA-5151-01A,primary tumour,yes,63384a6a-9686-44ee-8c8f-22923968c9de,TCGA-BA-5151-01A-01D-1431-02,Primary tumour,5b29b8e2-23e6-4e6e-815c-b8d0ef534b14
